no_of_dots,specialSymbol,lengthOfURL,suspiciousWords,prefixSuffix,countOfHttp,shorteningService,has_data_uri,check_ssl_certificate,fake_login_form,countPages,missingHyperlink,count_foreign_links,count_empty_links,count_error_links,count_redirection_links,has_foreign_css,check_favicon,google_index,httpDomain,label
0,0,0,0,0,0,0,1,1,1,100,1,1,1,1,1,1,1,1,0,1
0,0,0,0,0,0,0,1,1,1,100,1,1,1,1,1,1,1,1,0,1
0,0,0,0,0,0,0,1,1,1,100,1,1,1,1,1,1,1,1,0,1
0,0,0,0,0,0,0,1,1,1,100,1,1,1,1,1,1,1,1,0,1
0,0,0,0,0,0,0,1,1,1,100,1,1,1,1,1,1,1,1,0,1
0,0,0,0,0,0,0,1,1,1,100,1,1,1,1,1,1,1,1,0,1
0,0,0,0,0,0,0,1,1,1,100,1,1,1,1,1,1,1,1,0,1
0,0,0,0,0,0,0,1,1,1,100,1,1,1,1,1,1,1,1,0,1
0,0,0,0,0,0,0,1,1,1,100,1,1,1,1,1,1,1,1,0,1
0,0,0,0,0,0,0,1,1,1,100,1,1,1,1,1,1,1,1,0,1
0,0,0,0,0,0,0,1,1,1,100,1,1,1,1,1,1,1,1,0,1
0,0,0,0,0,0,0,1,1,1,100,1,1,1,1,1,1,1,1,0,1
0,0,0,0,0,0,0,1,1,1,100,1,1,1,1,1,1,1,1,0,1
0,0,0,0,0,0,0,1,1,1,100,1,1,1,1,1,1,1,1,0,1
0,0,0,0,0,0,0,1,1,1,100,1,1,1,1,1,1,1,1,0,1
0,0,0,0,0,0,0,1,1,1,100,1,1,1,1,1,1,1,1,0,1
0,0,0,0,0,0,0,1,1,1,100,1,1,1,1,1,1,1,1,0,1
0,0,0,0,0,0,0,1,1,1,100,1,1,1,1,1,1,1,1,0,1
0,0,0,0,0,0,0,1,1,1,100,1,1,1,1,1,1,1,1,0,1
0,0,0,0,0,0,0,1,1,1,100,1,1,1,1,1,1,1,1,0,1
0,0,0,0,0,0,0,1,1,1,100,1,1,1,1,1,1,1,1,0,1
0,0,0,0,0,0,0,1,1,1,100,1,1,1,1,1,1,1,1,0,1
0,0,0,0,0,0,0,1,1,1,100,1,1,1,1,1,1,1,1,0,1
0,0,0,0,0,0,0,1,1,1,100,1,1,1,1,1,1,1,1,0,1
0,0,0,0,0,0,0,1,1,1,100,1,1,1,1,1,1,1,1,0,1
0,0,0,0,0,0,0,1,1,1,100,1,1,1,1,1,1,1,1,0,1
0,0,0,0,0,0,0,1,1,1,100,1,1,1,1,1,1,1,1,0,1
0,0,0,0,0,0,0,1,1,1,100,1,1,1,1,1,1,1,1,0,1
0,0,0,0,0,0,0,1,1,1,100,1,1,1,1,1,1,1,1,0,1
0,0,0,0,0,0,0,1,1,1,100,1,1,1,1,1,1,1,1,0,1
0,0,0,0,0,0,0,1,1,1,100,1,1,1,1,1,1,1,1,0,1
0,0,0,0,0,0,0,1,1,1,100,1,1,1,1,1,1,1,1,0,1
0,0,0,0,0,0,0,1,1,1,100,1,1,1,1,1,1,1,1,0,1
0,0,0,0,0,0,0,1,1,1,100,1,1,1,1,1,1,1,1,0,1
0,0,0,0,0,0,0,1,1,1,100,1,1,1,1,1,1,1,1,0,1
0,0,0,0,0,0,0,1,1,1,100,1,1,1,1,1,1,1,1,0,1
0,0,0,0,0,0,0,1,1,1,100,1,1,1,1,1,1,1,1,0,1
0,0,0,0,0,0,0,1,1,1,100,1,1,1,1,1,1,1,1,0,1
0,0,0,0,0,0,0,1,1,1,100,1,1,1,1,1,1,1,1,0,1
0,0,0,0,0,0,0,1,1,1,100,1,1,1,1,1,1,1,1,0,1
0,0,0,0,0,0,0,1,1,1,100,1,1,1,1,1,1,1,1,0,1
0,0,0,0,0,0,0,1,1,1,100,1,1,1,1,1,1,1,1,0,1
0,0,0,0,0,0,0,1,1,1,100,1,1,1,1,1,1,1,1,0,1
0,0,0,0,0,0,0,1,1,1,100,1,1,1,1,1,1,1,1,0,1
0,0,0,0,0,0,0,1,1,1,100,1,1,1,1,1,1,1,1,0,1
0,0,0,0,0,0,0,1,1,1,100,1,1,1,1,1,1,1,1,0,1
0,0,0,0,0,0,0,1,1,1,100,1,1,1,1,1,1,1,1,0,1
0,0,0,0,0,0,0,1,1,1,100,1,1,1,1,1,1,1,1,0,1
0,0,0,0,0,0,0,1,1,1,100,1,1,1,1,1,1,1,1,0,1
0,0,0,0,0,0,0,1,1,1,100,1,1,1,1,1,1,1,1,0,1
0,0,0,0,0,0,0,1,1,1,100,1,1,1,1,1,1,1,1,0,1
0,0,0,0,0,0,0,1,1,1,100,1,1,1,1,1,1,1,1,0,1
0,0,0,0,0,0,0,1,1,1,100,1,1,1,1,1,1,1,1,0,1
0,0,0,0,0,0,0,1,1,1,100,1,1,1,1,1,1,1,1,0,1
0,0,0,0,0,0,0,1,1,1,100,1,1,1,1,1,1,1,1,0,1
0,0,0,0,0,0,0,1,1,1,100,1,1,1,1,1,1,1,1,0,1
0,0,0,0,0,0,0,1,1,1,100,1,1,1,1,1,1,1,1,0,1
0,0,0,0,0,0,0,1,1,1,100,1,1,1,1,1,1,1,1,0,1
0,0,0,0,0,0,0,1,1,1,100,1,1,1,1,1,1,1,1,0,1
0,0,0,0,0,0,0,1,1,1,100,1,1,1,1,1,1,1,1,0,1
0,0,0,0,0,0,0,1,1,1,100,1,1,1,1,1,1,1,1,0,1
0,0,0,0,0,0,0,1,1,1,100,1,1,1,1,1,1,1,1,0,1
0,0,0,0,0,0,0,1,1,1,100,1,1,1,1,1,1,1,1,0,1
0,0,0,0,0,0,0,1,1,1,100,1,1,1,1,1,1,1,1,0,1
0,0,0,0,1,0,0,1,1,1,100,1,1,1,1,1,1,1,1,0,1
0,0,0,0,1,0,0,1,1,1,100,1,1,1,1,1,1,1,1,0,1
0,0,0,0,0,0,0,1,1,1,100,1,1,1,1,1,1,1,1,0,1
0,0,0,0,0,0,0,1,1,1,100,1,1,1,1,1,1,1,1,0,1
0,0,0,0,0,0,0,1,1,1,100,1,1,1,1,1,1,1,1,0,1
0,0,0,0,1,0,0,1,1,1,100,1,1,1,1,1,1,1,1,0,1
0,0,0,0,1,0,0,1,1,1,100,1,1,1,1,1,1,1,1,0,1
1,0,0,0,0,0,0,1,1,1,100,1,1,1,1,1,1,1,1,0,1
0,0,0,0,0,0,0,1,1,1,100,1,1,1,1,1,1,1,1,0,1
0,0,0,0,1,0,0,1,1,1,100,1,1,1,1,1,1,1,1,0,1
0,0,0,0,0,0,0,1,1,1,100,1,1,1,1,1,1,1,1,0,1
0,0,0,0,1,0,0,1,1,1,100,1,1,1,1,1,1,1,1,0,1
0,0,0,0,1,0,0,0,0,0,1,1,1,1,1,1,0,0,1,0,1
0,0,0,0,0,0,0,1,1,1,100,1,1,1,1,1,1,1,1,0,1
0,0,0,0,0,0,0,1,1,1,100,1,1,1,1,1,1,1,1,0,1
0,0,0,0,0,0,0,0,1,0,0,1,1,1,1,1,0,0,1,0,1
0,0,0,0,0,0,0,1,1,1,100,1,1,1,1,1,1,1,1,0,1
0,0,0,0,1,0,0,1,1,1,11,0,0,0,1,1,0,0,1,0,1
0,0,1,0,0,0,0,1,1,1,100,1,1,1,1,1,1,1,1,0,1
1,0,1,0,1,0,0,1,1,1,100,1,1,1,1,1,1,1,1,0,1
0,0,0,0,1,0,0,1,1,1,100,1,1,1,1,1,1,1,1,0,1
0,0,0,0,1,0,0,1,1,1,100,1,1,1,1,1,1,1,1,0,1
0,0,0,0,1,0,0,1,1,1,100,1,1,1,1,1,1,1,1,0,1
0,0,0,0,1,0,0,1,1,1,100,1,1,1,1,1,1,1,1,0,1
0,0,0,0,1,0,0,1,1,1,100,1,1,1,1,1,1,1,1,0,1
0,0,0,0,0,1,0,0,1,1,77,0,1,0,0,1,1,1,1,0,1
0,0,0,0,0,0,0,1,1,1,100,1,1,1,1,1,1,1,1,0,1
0,0,0,0,0,0,0,1,1,1,11,0,0,0,1,1,0,0,1,0,1
0,0,0,0,1,0,0,1,1,1,100,1,1,1,1,1,1,1,1,0,1
0,0,0,0,0,0,0,1,1,1,100,1,1,1,1,1,1,1,1,0,1
0,0,0,0,0,0,0,1,1,1,11,0,0,0,1,1,0,0,1,0,1
0,0,0,0,0,0,0,1,1,1,100,1,1,1,1,1,1,1,1,0,1
0,0,0,0,1,0,0,1,1,1,100,1,1,1,1,1,1,1,1,0,1
0,0,0,0,1,0,0,1,1,1,100,1,1,1,1,1,1,1,1,0,1
0,0,0,0,1,0,1,1,1,1,100,1,1,1,1,1,1,1,1,0,1
0,0,0,0,0,0,1,1,1,1,100,1,1,1,1,1,1,1,1,0,1
0,0,0,0,1,0,0,1,1,1,100,1,1,1,1,1,1,1,1,0,1
0,0,0,0,1,0,0,1,1,1,100,1,1,1,1,1,1,1,1,0,1
0,0,0,0,1,0,1,1,1,1,100,1,1,1,1,1,1,1,0,0,1
0,0,0,0,1,0,0,1,1,1,100,1,1,1,1,1,1,1,1,0,1
0,0,0,0,1,0,0,1,1,1,100,1,1,1,1,1,1,1,1,0,1
0,0,0,0,0,0,0,1,1,1,100,1,1,1,1,1,1,1,1,0,1
0,0,0,0,1,0,0,1,1,1,100,1,1,1,1,1,1,1,1,0,1
0,0,0,0,0,0,0,1,1,1,100,1,1,1,1,1,1,1,1,0,1
0,0,0,0,1,0,0,1,1,1,100,1,1,1,1,1,1,1,1,0,1
0,0,0,0,1,0,0,1,1,1,100,1,1,1,1,1,1,1,1,0,1
0,0,0,0,1,0,0,1,1,1,100,1,1,1,1,1,1,1,1,0,1
0,0,0,0,1,0,0,1,1,1,100,1,1,1,1,1,1,1,1,0,1
0,0,0,0,1,0,0,1,1,1,100,1,1,1,1,1,1,1,1,0,1
0,0,0,0,1,0,0,1,1,1,100,1,1,1,1,1,1,1,1,0,1
0,0,0,0,1,0,0,1,1,1,100,1,1,1,1,1,1,1,1,0,1
0,0,0,0,1,0,0,1,1,1,100,1,1,1,1,1,1,1,1,0,1
0,0,0,0,1,0,0,1,1,1,100,1,1,1,1,1,1,1,1,0,1
0,0,0,0,1,0,0,1,1,1,100,1,1,1,1,1,1,1,1,0,1
0,0,0,0,1,0,0,1,1,1,100,1,1,1,1,1,1,1,1,0,1
0,0,0,0,1,0,0,1,1,1,100,1,1,1,1,1,1,1,1,0,1
0,0,0,0,1,0,0,1,1,1,100,1,1,1,1,1,1,1,1,0,1
0,0,0,0,1,0,0,1,1,1,100,1,1,1,1,1,1,1,1,0,1
0,0,0,0,1,0,0,1,1,1,100,1,1,1,1,1,1,1,1,0,1
0,0,0,0,1,0,0,1,1,1,100,1,1,1,1,1,1,1,1,0,1
0,0,0,0,1,0,0,1,1,1,100,1,1,1,1,1,1,1,1,0,1
0,0,0,0,1,0,0,1,1,1,100,1,1,1,1,1,1,1,1,0,1
0,0,0,0,1,0,0,1,1,1,100,1,1,1,1,1,1,1,1,0,1
0,0,0,0,1,0,0,1,1,1,100,1,1,1,1,1,1,1,1,0,1
0,0,0,0,1,0,0,1,1,1,100,1,1,1,1,1,1,1,1,0,1
0,0,0,0,1,0,0,1,1,1,100,1,1,1,1,1,1,1,1,0,1
0,0,0,0,0,0,0,1,1,1,100,1,1,1,1,1,1,1,1,0,1
1,0,0,0,0,0,0,1,1,0,9,0,1,0,1,1,0,0,1,0,1
1,0,0,0,0,0,0,0,1,1,77,0,1,0,0,1,1,1,1,0,1
0,0,0,0,0,0,0,1,1,1,100,1,1,1,1,1,1,1,1,0,1
0,0,0,0,1,0,0,1,1,1,100,1,1,1,1,1,1,1,1,0,1
0,0,0,0,1,0,0,1,1,1,100,1,1,1,1,1,1,1,1,0,1
0,0,0,0,1,0,0,1,1,1,100,1,1,1,1,1,1,1,1,0,1
0,0,0,0,0,0,0,0,1,0,0,1,1,1,1,1,0,0,1,0,1
0,0,0,0,0,0,0,1,1,1,100,1,1,1,1,1,1,1,1,0,1
0,0,0,0,1,0,0,1,1,1,100,1,1,1,1,1,1,1,0,0,1
0,0,0,0,0,0,0,1,1,1,100,1,1,1,1,1,1,1,1,0,1
0,0,0,0,0,0,0,1,1,1,100,1,1,1,1,1,1,1,1,0,1
0,0,0,0,0,0,0,1,1,1,100,1,1,1,1,1,1,1,1,0,1
0,0,0,0,0,0,1,1,1,1,100,1,1,1,1,1,1,0,1,0,1
0,0,0,0,0,0,0,1,1,1,100,1,1,1,1,1,1,1,1,0,1
0,0,0,0,0,0,0,1,1,1,100,1,1,1,1,1,1,1,1,0,1
0,0,0,0,0,0,0,1,1,1,100,1,1,1,1,1,1,1,1,0,1
0,0,0,0,0,0,0,1,1,1,100,1,1,1,1,1,1,1,1,0,1
0,0,0,0,0,0,0,0,0,0,0,1,1,1,1,1,0,0,1,0,1
0,0,0,0,1,0,0,1,1,1,100,1,1,1,1,1,1,1,1,0,1
0,0,0,0,1,0,0,1,1,1,11,0,0,0,1,1,0,0,1,0,1
0,0,0,0,0,0,0,1,1,1,100,1,1,1,1,1,1,1,1,0,1
0,0,0,0,1,0,0,1,1,1,100,1,1,1,1,1,1,1,1,0,1
0,0,0,0,0,0,0,1,1,1,100,1,1,1,1,1,1,1,1,0,1
0,0,0,0,1,0,0,1,1,1,11,0,0,0,1,1,0,0,1,0,1
0,0,0,0,1,0,0,1,1,1,100,1,1,1,1,1,1,1,1,0,1
0,0,0,0,1,0,0,1,1,1,100,1,1,1,1,1,1,1,1,0,1
0,0,0,0,0,0,0,0,0,0,5,0,1,0,0,0,0,0,1,0,1
0,0,0,0,0,0,1,0,0,1,21,0,1,0,0,1,0,0,1,0,1
0,0,0,0,1,0,0,1,1,1,100,1,1,1,1,1,1,1,1,0,1
0,0,0,0,1,0,0,1,1,1,100,1,1,1,1,1,1,1,1,0,1
0,0,0,0,0,0,0,0,0,0,5,0,1,0,0,0,0,0,1,0,1
0,0,0,0,0,0,0,0,0,0,5,0,1,0,0,0,0,0,1,0,1
0,0,0,0,0,0,0,0,1,0,0,1,1,1,1,1,0,0,0,0,1
0,0,0,0,0,0,0,0,1,0,0,1,1,1,1,1,0,0,0,0,1
1,0,1,0,0,0,0,1,1,1,100,1,1,1,1,1,1,1,0,0,1
1,0,0,0,0,0,0,1,1,1,100,1,1,1,1,1,1,1,0,0,1
0,0,0,0,1,0,0,1,1,1,100,1,1,1,1,1,1,1,0,0,1
0,0,0,0,1,0,0,1,1,1,100,1,1,1,1,1,1,1,0,0,1
0,0,0,0,0,0,0,1,1,1,100,1,1,1,1,1,1,1,0,0,1
0,0,0,0,0,0,0,1,1,1,100,1,1,1,1,1,1,1,0,0,1
0,0,0,0,0,0,0,1,1,1,100,1,1,1,1,1,1,1,0,0,1
0,0,0,0,0,0,0,1,1,1,100,1,1,1,1,1,1,1,0,0,1
0,0,0,0,1,0,0,1,1,1,100,1,1,1,1,1,1,1,0,0,1
0,0,0,0,0,0,0,1,1,1,100,1,1,1,1,1,1,1,0,0,1
0,0,0,0,0,0,0,0,1,0,0,1,1,1,1,1,0,0,0,0,1
1,0,0,0,0,0,0,0,0,0,0,1,1,1,1,1,0,0,0,0,1
0,0,0,0,1,0,0,1,1,1,100,1,1,1,1,1,1,1,0,0,1
1,0,0,0,0,0,1,1,1,1,100,1,1,1,1,1,1,1,0,0,1
0,0,0,0,0,0,0,1,1,1,100,1,1,1,1,1,1,1,0,0,1
0,0,1,0,0,0,0,1,1,1,100,1,1,1,1,1,1,1,0,0,1
0,0,0,0,0,0,0,1,1,1,100,1,1,1,1,1,1,1,0,0,1
0,0,0,0,0,0,0,1,0,1,11,0,0,0,1,1,0,0,0,0,1
0,0,0,0,0,0,0,1,1,1,100,1,1,1,1,1,1,1,0,0,1
0,0,0,0,0,0,1,1,1,1,100,1,1,1,1,1,1,1,0,0,1
0,0,0,0,1,0,0,0,0,0,11,0,1,0,0,0,0,0,0,0,1
0,0,0,0,0,0,0,1,1,1,100,1,1,1,1,1,1,1,0,0,1
0,0,0,0,0,0,0,0,0,0,12,0,1,0,0,0,1,1,0,0,1
0,0,0,0,1,0,0,1,1,1,100,1,1,1,1,1,1,1,0,0,1
0,0,0,0,0,0,0,0,0,0,3,1,1,1,1,1,0,0,0,0,1
0,0,0,0,1,0,0,0,0,0,3,1,1,1,1,1,0,0,0,0,1
0,0,0,0,1,0,1,1,1,1,100,1,1,1,1,1,1,1,0,0,1
0,0,1,0,0,0,0,0,0,0,20,1,1,1,1,1,0,1,0,0,1
0,0,0,0,0,0,0,1,1,1,100,1,1,1,1,1,1,1,0,0,1
0,0,0,0,1,0,0,0,0,0,3,1,1,1,1,1,0,0,0,0,1
0,0,0,0,0,0,0,1,1,1,100,1,1,1,1,1,1,1,0,0,1
0,0,0,0,0,0,0,1,1,1,100,1,1,1,1,1,1,1,0,0,1
0,0,0,0,0,0,0,1,1,1,100,1,1,1,1,1,1,1,0,0,1
0,0,0,0,0,0,0,1,1,1,11,0,0,0,1,1,0,0,0,0,1
0,0,0,0,1,0,0,1,1,1,100,1,1,1,1,1,1,1,0,0,1
0,0,0,0,0,0,0,0,0,0,0,1,1,1,1,1,0,0,0,0,1
0,0,0,0,0,0,0,1,1,1,100,1,1,1,1,1,1,1,0,0,1
1,0,0,0,0,0,0,1,1,1,100,1,1,1,1,1,1,1,0,0,1
1,0,0,0,0,0,0,1,1,1,100,1,1,1,1,1,1,1,0,0,1
1,0,0,0,0,0,0,1,1,1,100,1,1,1,1,1,1,1,0,0,1
1,0,0,0,0,0,0,1,1,1,100,1,1,1,1,1,1,1,0,0,1
1,0,0,0,0,0,0,1,1,1,100,1,1,1,1,1,1,1,0,0,1
0,0,0,0,1,0,0,1,1,1,100,1,1,1,1,1,1,1,0,0,1
1,1,1,0,0,0,0,1,1,1,100,1,1,1,1,1,1,1,0,0,1
1,1,1,0,0,0,0,1,1,1,100,1,1,1,1,1,1,1,0,0,1
0,1,1,0,0,0,0,1,1,1,100,1,1,1,1,1,1,1,0,0,1
0,1,1,0,0,0,0,0,0,0,0,1,1,1,1,1,0,1,0,0,1
0,0,0,0,1,0,0,1,1,1,100,1,1,1,1,1,1,1,0,0,1
0,1,1,0,0,0,0,0,0,0,0,1,1,1,1,1,0,1,0,0,1
0,1,0,0,0,0,0,1,1,1,100,1,1,1,1,1,1,1,0,0,1
0,0,0,0,0,0,0,1,1,1,100,1,1,1,1,1,1,1,0,0,1
0,0,1,0,0,0,0,1,1,1,100,1,1,1,1,1,1,1,0,0,1
0,0,0,0,0,0,0,1,1,1,100,1,1,1,1,1,1,1,0,0,1
0,0,0,0,0,0,1,1,1,1,100,1,1,1,1,1,1,1,0,0,1
0,0,0,0,1,0,0,1,1,1,100,1,1,1,1,1,1,1,0,0,1
0,0,0,0,0,0,0,0,0,0,3,1,1,1,1,1,0,0,0,0,1
0,0,0,0,0,0,0,1,1,1,100,1,1,1,1,1,1,1,0,0,1
0,0,0,0,0,0,0,0,0,0,3,1,1,1,1,1,0,0,0,0,1
0,0,0,0,0,0,0,1,1,1,100,1,1,1,1,1,1,1,0,0,1
0,0,0,0,0,0,0,1,1,1,100,1,1,1,1,1,1,1,0,0,1
0,0,0,0,0,0,0,1,1,1,100,1,1,1,1,1,1,1,0,0,1
0,0,0,0,0,0,0,1,1,1,100,1,1,1,1,1,1,1,0,0,1
0,0,0,0,0,0,1,1,1,1,100,1,1,1,1,1,1,1,0,0,1
0,0,0,0,0,0,0,1,1,1,100,1,1,1,1,1,1,1,0,0,1
0,0,0,0,0,0,0,1,1,1,11,0,0,0,1,1,0,0,0,0,1
0,0,0,0,0,0,0,1,1,1,100,1,1,1,1,1,1,1,0,0,1
0,0,0,0,0,0,0,0,1,1,0,0,1,0,1,1,0,0,0,0,1
0,0,0,0,0,0,0,0,0,0,3,1,1,1,1,1,0,0,0,0,1
0,0,0,0,1,0,0,0,0,0,3,1,1,1,1,1,0,0,0,0,1
0,0,0,0,0,0,0,1,1,1,100,1,1,1,1,1,1,1,0,0,1
0,0,0,0,0,0,0,1,1,1,100,1,1,1,1,1,1,1,0,0,1
0,0,0,0,0,0,0,1,1,1,100,1,1,1,1,1,1,1,0,0,1
0,0,0,0,0,0,0,1,1,1,100,1,1,1,1,1,1,1,0,0,1
0,0,0,0,0,0,0,1,1,1,100,1,1,1,1,1,1,1,0,0,1
0,0,0,0,0,0,0,1,1,1,100,1,1,1,1,1,1,1,0,0,1
0,0,0,0,1,0,0,1,1,1,100,1,1,1,1,1,1,1,0,0,1
0,0,0,0,0,0,0,1,1,1,100,1,1,1,1,1,1,1,0,0,1
0,0,0,0,0,0,0,0,1,0,0,1,1,1,1,1,0,0,0,0,1
0,0,0,0,0,0,0,0,1,0,0,1,1,1,1,1,0,0,0,0,1
0,0,0,0,0,0,0,0,1,0,0,1,1,1,1,1,0,0,0,0,1
0,0,0,0,0,0,0,1,1,1,11,0,0,0,1,1,0,0,0,0,1
0,0,0,0,0,0,0,1,1,1,100,1,1,1,1,1,1,1,0,0,1
0,0,0,0,1,0,0,1,1,1,100,1,1,1,1,1,1,1,0,0,1
0,0,0,0,1,0,0,1,1,1,100,1,1,1,1,1,1,1,0,0,1
0,0,0,0,1,0,0,0,0,0,3,1,1,1,1,1,0,0,0,0,1
0,0,0,0,1,0,0,1,1,1,100,1,1,1,1,1,1,1,0,0,1
0,0,0,0,0,0,0,1,1,1,100,1,1,1,1,1,1,1,0,0,1
0,0,0,0,0,0,0,1,1,1,11,0,0,0,1,1,0,1,0,0,1
0,0,0,0,1,0,0,1,1,1,100,1,1,1,1,1,1,1,0,0,1
0,0,0,0,1,0,0,1,1,1,100,1,1,1,1,1,1,1,0,0,1
0,0,0,0,1,0,0,1,1,1,100,1,1,1,1,1,1,1,0,0,1
0,0,0,0,0,0,0,1,1,1,11,0,0,0,1,1,0,0,0,0,1
0,0,0,0,1,0,0,1,1,1,100,1,1,1,1,1,1,1,0,0,1
0,0,0,0,1,0,0,1,1,1,100,1,1,1,1,1,1,1,0,0,1
0,0,0,0,1,0,0,1,1,1,100,1,1,1,1,1,1,1,0,0,1
0,0,0,0,0,0,0,1,1,1,100,1,1,1,1,1,1,1,0,0,1
0,0,0,0,0,0,0,1,1,1,100,1,1,1,1,1,1,1,0,0,1
0,0,0,0,0,0,0,0,0,0,11,0,1,0,0,0,0,0,0,0,1
0,0,1,0,0,0,0,0,0,0,20,1,1,1,1,1,0,1,0,0,1
0,0,1,0,0,0,0,1,1,1,11,0,0,0,1,1,0,0,0,0,1
0,0,0,0,0,0,0,1,1,1,100,1,1,1,1,1,1,1,0,0,1
0,0,1,0,0,0,0,0,0,0,20,1,1,1,1,1,0,1,0,0,1
0,0,0,0,0,0,0,1,1,1,11,0,0,0,1,1,0,0,0,0,1
0,0,0,0,0,0,0,1,1,1,11,0,0,0,1,1,0,1,0,0,1
0,0,0,0,0,0,1,1,1,1,100,1,1,1,1,1,1,1,0,0,1
0,0,0,0,0,0,0,1,1,1,100,1,1,1,1,1,1,1,0,0,1
0,0,0,0,0,0,0,1,1,1,100,1,1,1,1,1,1,1,0,0,1
0,0,0,0,0,0,0,1,1,1,100,1,1,1,1,1,1,1,0,0,1
0,0,0,0,0,0,0,1,1,1,100,1,1,1,1,1,1,1,0,0,1
0,0,0,0,0,0,0,0,0,0,0,1,1,1,1,1,0,0,0,0,1
0,0,0,0,0,0,0,1,1,1,11,1,0,1,1,1,0,0,0,0,1
1,0,1,0,0,0,0,1,1,1,100,1,1,1,1,1,1,1,0,0,1
1,1,1,0,1,0,0,0,0,0,8,1,1,1,1,1,1,1,0,0,1
0,0,1,0,1,0,0,0,0,0,0,1,1,1,1,1,0,0,0,0,1
0,0,1,0,0,0,0,1,1,1,100,1,1,1,1,1,1,1,0,0,1
0,0,1,0,1,0,0,0,0,0,0,1,1,1,1,1,0,0,0,0,1
0,0,1,0,0,0,0,0,0,0,0,1,1,1,1,1,0,0,0,0,1
0,0,1,0,0,0,0,0,0,0,0,1,1,1,1,1,0,0,0,0,1
0,0,1,0,0,0,0,1,1,1,100,1,1,1,1,1,1,1,0,0,1
0,0,1,0,1,0,0,0,0,0,0,1,1,1,1,1,0,0,0,0,1
0,0,1,0,0,0,0,1,1,1,100,1,1,1,1,1,1,1,0,0,1
0,0,1,0,0,0,0,1,0,1,100,1,1,1,1,1,1,1,0,0,1
0,0,1,0,0,0,0,1,1,1,100,1,1,1,1,1,1,1,0,0,1
0,0,1,0,1,0,0,0,0,0,0,1,1,1,1,1,0,0,0,0,1
0,0,1,0,0,0,0,1,1,1,100,1,1,1,1,1,1,1,0,0,1
0,0,1,0,0,0,0,1,0,1,100,1,1,1,1,1,1,1,0,0,1
0,0,1,0,0,0,0,0,0,0,0,1,1,1,1,1,0,0,0,0,1
0,0,1,0,1,0,0,0,0,0,1,1,1,1,1,1,0,0,0,0,1
0,0,1,0,0,0,0,0,0,0,0,1,1,1,1,1,0,0,0,0,1
0,0,1,0,0,0,0,1,1,1,100,1,1,1,1,1,1,1,0,0,1
0,0,1,0,0,0,0,1,0,1,100,1,1,1,1,1,1,1,0,0,1
0,0,1,0,0,0,0,1,1,1,100,1,1,1,1,1,1,1,0,0,1
0,0,1,0,1,0,0,0,0,0,0,1,1,1,1,1,0,0,0,0,1
0,0,1,0,0,0,0,1,1,1,100,1,1,1,1,1,1,1,0,0,1
0,0,1,0,0,0,0,0,0,0,0,1,1,1,1,1,0,1,0,0,1
0,0,0,0,0,0,0,1,1,1,100,1,1,1,1,1,1,1,0,0,1
0,0,1,0,0,0,0,0,0,0,0,1,1,1,1,1,0,1,0,0,1
0,0,1,0,1,0,0,0,0,0,0,1,1,1,1,1,0,0,0,0,1
0,0,1,0,0,0,0,1,1,1,100,1,1,1,1,1,1,1,0,0,1
0,0,1,0,1,0,0,0,0,0,1,1,1,1,1,1,0,0,0,0,1
0,0,0,0,1,0,0,0,0,0,1,1,1,1,1,1,0,0,0,0,1
0,0,0,0,0,0,0,1,1,1,11,0,0,0,1,1,0,1,0,0,1
0,0,0,0,0,0,0,0,0,0,0,1,1,1,1,1,0,1,0,0,1
0,0,1,0,0,0,0,1,1,1,100,1,1,1,1,1,1,1,0,0,1
0,0,1,0,1,0,0,0,0,0,0,1,1,1,1,1,0,0,0,0,1
0,0,1,0,0,0,0,1,1,1,100,1,1,1,1,1,1,1,0,0,1
0,0,1,0,0,0,0,0,0,0,20,1,1,1,1,1,0,0,0,0,1
0,0,1,0,1,0,0,0,0,0,20,1,1,1,1,1,0,0,0,0,1
0,0,1,0,0,0,0,0,0,0,0,1,1,1,1,1,0,0,0,0,1
0,0,1,0,0,0,0,0,0,0,0,1,1,1,1,1,0,1,0,0,1
0,0,1,0,0,0,0,0,0,0,0,1,1,1,1,1,0,1,0,0,1
0,0,1,0,1,0,0,0,0,0,0,1,1,1,1,1,0,0,0,0,1
0,0,0,0,0,0,0,0,0,0,0,1,1,1,1,1,0,1,0,0,1
0,0,1,0,1,0,0,0,0,0,0,1,1,1,1,1,0,0,0,0,1
0,0,1,0,0,0,0,1,1,1,100,1,1,1,1,1,1,1,0,0,1
0,0,1,0,1,0,0,0,0,0,20,1,1,1,1,1,0,0,0,0,1
0,0,0,0,1,0,0,0,0,0,20,1,1,1,1,1,0,0,0,0,1
0,0,1,0,0,0,0,1,1,1,100,1,1,1,1,1,1,1,0,0,1
0,0,1,0,0,0,0,0,0,0,0,1,1,1,1,1,0,0,0,0,1
0,0,1,0,1,0,0,0,0,0,0,1,1,1,1,1,0,0,0,0,1
0,0,1,0,0,0,0,0,0,0,0,1,1,1,1,1,0,1,0,0,1
0,0,1,0,0,0,0,0,0,0,0,1,1,1,1,1,0,0,0,0,1
0,0,1,0,1,0,0,0,0,0,0,1,1,1,1,1,0,0,0,0,1
0,0,1,0,0,0,0,1,1,1,100,1,1,1,1,1,1,1,0,0,1
0,0,1,0,0,0,0,0,0,0,0,1,1,1,1,1,0,1,0,0,1
0,0,1,0,0,0,0,1,1,1,100,1,1,1,1,1,1,1,0,0,1
0,0,1,0,1,0,0,0,0,0,0,1,1,1,1,1,0,0,0,0,1
0,0,1,0,1,0,0,0,0,0,0,1,1,1,1,1,0,0,0,0,1
0,0,1,0,1,0,0,0,0,0,0,1,1,1,1,1,0,0,0,0,1
0,0,0,0,1,0,0,0,0,0,0,1,1,1,1,1,0,0,0,0,1
0,0,0,0,0,0,0,0,0,0,0,1,1,1,1,1,0,1,0,0,1
0,0,1,0,0,0,0,1,1,1,100,1,1,1,1,1,1,1,0,0,1
0,0,1,0,0,0,0,0,0,0,0,1,1,1,1,1,0,0,0,0,1
0,0,1,0,0,0,0,0,0,0,0,1,1,1,1,1,0,1,0,0,1
0,0,1,0,1,0,0,0,0,0,0,1,1,1,1,1,0,0,0,0,1
0,0,1,0,0,0,0,0,0,0,0,1,1,1,1,1,0,0,0,0,1
0,0,1,0,0,0,0,0,0,0,0,1,1,1,1,1,0,1,0,0,1
0,0,1,0,1,0,0,0,0,0,0,1,1,1,1,1,0,0,0,0,1
0,0,1,0,0,0,0,1,1,1,100,1,1,1,1,1,1,1,0,0,1
0,0,0,0,0,0,0,0,0,0,0,1,1,1,1,1,0,1,0,0,1
0,0,1,0,0,0,0,1,0,1,100,1,1,1,1,1,1,1,0,0,1
0,0,1,0,1,0,0,0,0,0,0,1,1,1,1,1,0,0,0,0,1
0,0,0,0,1,0,0,0,0,0,0,1,1,1,1,1,0,0,0,0,1
0,0,1,0,1,0,0,0,0,0,0,1,1,1,1,1,0,0,0,0,1
0,0,1,0,0,0,0,1,1,1,100,1,1,1,1,1,1,1,0,0,1
0,0,1,0,1,0,0,0,0,1,10,1,1,1,1,1,0,0,0,0,1
0,0,1,0,0,0,0,0,0,0,0,1,1,1,1,1,0,0,0,0,1
0,0,1,0,0,0,0,0,0,0,0,1,1,1,1,1,0,1,0,0,1
0,0,1,0,0,0,0,0,0,0,0,1,1,1,1,1,0,1,0,0,1
0,0,1,0,1,0,0,0,0,1,10,1,1,1,1,1,0,0,0,0,1
0,0,1,0,1,0,0,0,0,0,0,1,1,1,1,1,0,0,0,0,1
0,0,1,0,0,0,0,1,1,1,100,1,1,1,1,1,1,1,0,0,1
0,0,1,0,0,0,0,1,1,1,100,1,1,1,1,1,1,1,0,0,1
0,0,1,0,0,0,0,0,0,0,0,1,1,1,1,1,0,0,0,0,1
0,0,1,0,1,0,0,0,0,0,0,1,1,1,1,1,0,0,0,0,1
0,0,1,0,0,0,0,0,0,0,0,1,1,1,1,1,0,0,0,0,1
0,0,1,0,0,0,0,0,0,0,0,1,1,1,1,1,0,1,0,0,1
0,0,1,0,0,0,0,0,0,0,0,1,1,1,1,1,0,1,0,0,1
0,0,1,0,1,0,0,0,0,0,0,1,1,1,1,1,0,0,0,0,1
0,0,1,0,1,0,0,0,0,0,0,1,1,1,1,1,0,0,0,0,1
0,0,0,0,1,0,0,0,0,0,0,1,1,1,1,1,0,0,0,0,1
0,0,0,0,0,0,0,0,0,0,0,1,1,1,1,1,0,1,0,0,1
0,0,1,0,0,0,0,1,1,1,100,1,1,1,1,1,1,1,0,0,1
1,0,1,0,0,0,0,1,0,1,100,1,1,1,1,1,1,1,0,0,1
0,0,1,0,1,0,0,0,0,0,0,1,1,1,1,1,0,0,0,0,1
0,0,1,0,0,0,0,1,1,1,100,1,1,1,1,1,1,1,0,0,1
0,0,1,0,1,0,0,0,0,1,7,1,1,1,1,1,0,1,0,0,1
0,0,1,0,0,0,0,0,0,0,0,1,1,1,1,1,0,0,0,0,1
1,0,1,0,1,0,0,1,0,1,100,1,1,1,1,1,1,1,0,0,1
1,0,1,0,0,0,0,1,1,1,100,1,1,1,1,1,1,1,0,0,1
0,0,1,0,0,0,0,1,1,1,100,1,1,1,1,1,1,1,0,0,1
0,0,1,0,0,0,0,0,0,0,0,1,1,1,1,1,0,0,0,0,1
0,0,1,0,1,0,0,0,0,0,0,1,1,1,1,1,0,0,0,0,1
0,0,1,0,0,0,0,1,0,1,100,1,1,1,1,1,1,1,0,0,1
0,0,1,0,0,0,0,1,1,1,100,1,1,1,1,1,1,1,0,0,1
0,0,1,0,1,0,0,0,0,0,0,1,1,1,1,1,0,0,0,0,1
0,0,1,0,1,0,0,0,0,0,0,1,1,1,1,1,0,0,0,0,1
0,0,1,0,0,0,0,1,1,1,100,1,1,1,1,1,1,1,0,0,1
0,0,1,0,0,0,0,1,0,1,17,1,1,1,1,1,0,0,0,0,1
0,0,1,0,0,0,0,0,0,0,0,1,1,1,1,1,0,0,0,0,1
0,0,1,0,1,0,0,0,0,0,0,1,1,1,1,1,0,0,0,0,1
0,0,1,0,1,0,0,1,0,1,17,1,1,1,1,1,0,0,0,0,1
0,0,1,0,0,0,0,0,0,0,0,1,1,1,1,1,0,1,0,0,1
0,0,1,0,0,0,0,0,0,0,0,1,1,1,1,1,0,1,0,0,1
0,0,1,0,0,0,0,1,0,1,100,1,1,1,1,1,1,1,0,0,1
0,0,1,0,0,0,0,1,1,1,100,1,1,1,1,1,1,1,0,0,1
0,0,1,0,0,0,0,1,1,1,100,1,1,1,1,1,1,1,0,0,1
0,0,1,0,0,0,0,1,1,1,100,1,1,1,1,1,1,1,0,0,1
0,0,1,0,1,0,0,0,0,0,0,1,1,1,1,1,0,0,0,0,1
0,0,1,0,1,0,0,1,0,1,17,1,1,1,1,1,0,0,0,0,1
0,0,0,0,1,0,0,1,0,1,17,1,1,1,1,1,0,0,0,0,1
1,0,1,0,0,0,0,1,1,1,100,1,1,1,1,1,1,1,0,0,1
1,0,1,0,1,0,0,0,0,0,0,1,1,1,1,1,0,0,0,0,1
1,0,1,0,0,0,0,1,1,1,100,1,1,1,1,1,1,1,0,0,1
0,0,1,0,0,0,0,1,1,1,100,1,1,1,1,1,1,1,0,0,1
1,0,1,0,1,0,0,0,0,1,7,1,1,1,1,1,0,0,0,0,1
0,0,1,0,1,0,0,0,0,1,7,1,1,1,1,1,0,1,0,0,1
0,0,1,0,1,0,0,0,0,0,0,1,1,1,1,1,0,0,0,0,1
0,0,1,0,1,0,0,0,0,0,0,1,1,1,1,1,0,0,0,0,1
0,0,1,0,0,0,0,0,0,0,0,1,1,1,1,1,0,0,0,0,1
0,0,1,0,0,0,0,0,0,0,0,1,1,1,1,1,0,1,0,0,1
0,0,1,0,0,0,0,0,0,0,0,1,1,1,1,1,0,1,0,0,1
1,0,1,0,1,0,0,0,0,0,0,1,1,1,1,1,0,0,0,0,1
0,0,0,0,0,0,0,1,1,1,100,1,1,1,1,1,1,1,0,0,1
0,0,0,0,0,0,0,1,1,1,100,1,1,1,1,1,1,1,0,0,1
0,0,1,0,0,0,0,0,0,0,0,1,1,1,1,1,0,1,0,0,1
0,0,1,0,0,0,0,0,0,0,0,1,1,1,1,1,0,0,0,0,1
0,0,0,0,0,0,0,0,0,0,0,1,1,1,1,1,0,1,0,0,1
0,0,1,0,0,0,0,0,0,0,0,1,1,1,1,1,0,1,0,0,1
0,0,1,0,0,0,0,0,0,0,0,1,1,1,1,1,0,1,0,0,1
1,1,1,0,0,0,0,1,1,1,100,1,1,1,1,1,1,1,0,0,1
0,0,1,0,1,0,0,0,0,0,0,1,1,1,1,1,0,0,0,0,1
0,0,1,0,1,0,0,0,0,0,0,1,1,1,1,1,0,0,0,0,1
0,0,1,0,1,0,0,1,1,1,100,1,1,1,1,1,1,1,0,0,1
0,0,0,0,0,0,0,1,1,1,100,1,1,1,1,1,1,1,0,0,1
0,0,0,0,0,0,0,1,1,1,100,1,1,1,1,1,1,1,0,0,1
0,0,0,0,0,0,0,1,1,1,100,1,1,1,1,1,1,1,0,0,1
0,0,0,0,0,0,0,1,1,1,100,1,1,1,1,1,1,1,0,0,1
0,0,0,0,0,0,0,1,1,1,100,1,1,1,1,1,1,1,0,0,1
0,0,0,0,0,0,0,1,1,1,100,1,1,1,1,1,1,1,0,0,1
0,0,0,0,0,0,0,1,1,1,100,1,1,1,1,1,1,1,0,0,1
0,0,0,0,0,0,0,1,1,1,100,1,1,1,1,1,1,1,0,0,1
0,0,0,0,0,0,0,1,1,1,100,1,1,1,1,1,1,1,0,0,1
0,0,0,0,0,0,0,1,1,1,100,1,1,1,1,1,1,1,0,0,1
0,0,0,0,0,0,0,1,1,1,100,1,1,1,1,1,1,1,0,0,1
0,0,0,0,0,0,0,1,1,1,100,1,1,1,1,1,1,1,0,0,1
0,0,0,0,0,0,0,1,1,1,100,1,1,1,1,1,1,1,0,0,1
0,0,0,0,0,0,0,1,1,1,100,1,1,1,1,1,1,1,0,0,1
0,0,0,0,0,0,0,1,1,1,100,1,1,1,1,1,1,1,0,0,1
0,0,0,0,0,0,0,1,1,1,100,1,1,1,1,1,1,1,0,0,1
0,0,0,0,0,0,0,1,1,1,100,1,1,1,1,1,1,1,0,0,1
0,0,0,0,0,0,0,1,1,1,100,1,1,1,1,1,1,1,0,0,1
0,0,0,0,0,0,0,1,1,1,100,1,1,1,1,1,1,1,0,0,1
0,0,0,0,0,0,0,1,1,1,100,1,1,1,1,1,1,1,0,0,1
0,0,0,0,0,0,0,1,1,1,100,1,1,1,1,1,1,1,0,0,1
0,0,0,0,0,0,0,1,1,1,100,1,1,1,1,1,1,1,0,0,1
0,0,0,0,0,0,0,1,1,1,100,1,1,1,1,1,1,1,0,0,1
0,0,0,0,0,0,0,1,1,1,100,1,1,1,1,1,1,1,0,0,1
0,0,0,0,0,0,0,1,1,1,100,1,1,1,1,1,1,1,0,0,1
0,0,0,0,0,0,0,1,1,1,100,1,1,1,1,1,1,1,0,0,1
0,0,0,0,0,0,0,1,1,1,100,1,1,1,1,1,1,1,0,0,1
0,0,0,0,0,0,0,1,1,1,100,1,1,1,1,1,1,1,0,0,1
0,0,0,0,0,0,0,1,1,1,100,1,1,1,1,1,1,1,0,0,1
0,0,0,0,0,0,0,1,1,1,100,1,1,1,1,1,1,1,0,0,1
0,0,0,0,0,0,0,1,1,1,100,1,1,1,1,1,1,1,0,0,1
0,0,0,0,0,0,0,1,1,1,100,1,1,1,1,1,1,1,0,0,1
0,0,0,0,0,0,0,1,1,1,100,1,1,1,1,1,1,1,0,0,1
0,0,0,0,0,0,0,1,1,1,100,1,1,1,1,1,1,1,0,0,1
0,0,0,0,0,0,0,1,1,1,100,1,1,1,1,1,1,1,0,0,1
0,0,0,0,0,0,0,1,1,1,100,1,1,1,1,1,1,1,0,0,1
0,0,0,0,0,0,0,1,1,1,100,1,1,1,1,1,1,1,0,0,1
0,0,0,0,0,0,0,1,1,1,100,1,1,1,1,1,1,1,0,0,1
0,0,0,0,0,0,0,1,1,1,100,1,1,1,1,1,1,1,0,0,1
0,0,0,0,0,0,0,1,1,1,100,1,1,1,1,1,1,1,0,0,1
0,0,0,0,0,0,0,1,1,1,100,1,1,1,1,1,1,1,0,0,1
0,0,0,0,0,0,0,1,1,1,100,1,1,1,1,1,1,1,0,0,1
0,0,0,0,0,0,0,1,1,1,100,1,1,1,1,1,1,1,0,0,1
0,0,0,0,0,0,0,1,1,1,100,1,1,1,1,1,1,1,0,0,1
0,0,0,0,0,0,0,1,1,1,100,1,1,1,1,1,1,1,0,0,1
0,0,0,0,0,0,0,1,1,1,100,1,1,1,1,1,1,1,0,0,1
0,0,0,0,0,0,0,1,1,1,100,1,1,1,1,1,1,1,0,0,1
0,0,0,0,0,0,0,1,1,1,100,1,1,1,1,1,1,1,0,0,1
0,0,0,0,0,0,0,1,1,1,100,1,1,1,1,1,1,1,0,0,1
0,0,0,0,0,0,0,1,1,1,100,1,1,1,1,1,1,1,0,0,1
0,0,0,0,0,0,0,1,1,1,100,1,1,1,1,1,1,1,0,0,1
0,0,0,0,0,0,0,1,1,1,100,1,1,1,1,1,1,1,0,0,1
0,0,0,0,0,0,0,1,1,1,100,1,1,1,1,1,1,1,0,0,1
0,0,0,0,0,0,0,1,1,1,100,1,1,1,1,1,1,1,0,0,1
0,0,0,0,0,0,0,1,1,1,100,1,1,1,1,1,1,1,0,0,1
0,0,0,0,0,0,0,1,1,1,100,1,1,1,1,1,1,1,0,0,1
0,0,0,0,0,0,0,1,1,1,100,1,1,1,1,1,1,1,0,0,1
0,0,0,0,0,0,0,1,1,1,100,1,1,1,1,1,1,1,0,0,1
0,0,0,0,0,0,0,1,1,1,100,1,1,1,1,1,1,1,0,0,1
0,0,0,0,0,0,0,1,1,1,100,1,1,1,1,1,1,1,0,0,1
0,0,0,0,0,0,0,1,1,1,100,1,1,1,1,1,1,1,0,0,1
0,0,0,0,0,0,0,1,1,1,100,1,1,1,1,1,1,1,0,0,1
0,0,0,0,0,0,0,1,1,1,100,1,1,1,1,1,1,1,0,0,1
0,0,0,0,0,0,0,1,1,1,100,1,1,1,1,1,1,1,0,0,1
0,0,0,0,0,0,0,1,1,1,100,1,1,1,1,1,1,1,0,0,1
0,0,0,0,0,0,0,1,1,1,100,1,1,1,1,1,1,1,0,0,1
0,0,0,0,0,0,0,1,1,1,100,1,1,1,1,1,1,1,0,0,1
0,0,0,0,0,0,0,1,1,1,100,1,1,1,1,1,1,1,0,0,1
0,0,0,0,0,0,0,1,1,1,100,1,1,1,1,1,1,1,0,0,1
0,0,0,0,0,0,0,1,1,1,100,1,1,1,1,1,1,1,0,0,1
0,0,0,0,0,0,0,1,1,1,100,1,1,1,1,1,1,1,0,0,1
0,0,0,0,0,0,0,1,1,1,100,1,1,1,1,1,1,1,0,0,1
0,0,0,0,0,0,0,1,1,1,100,1,1,1,1,1,1,1,0,0,1
0,0,0,0,0,0,0,1,1,1,100,1,1,1,1,1,1,1,0,0,1
0,0,0,0,0,0,0,1,1,1,100,1,1,1,1,1,1,1,0,0,1
0,0,0,0,0,0,0,1,1,1,100,1,1,1,1,1,1,1,0,0,1
0,0,0,0,0,0,0,1,1,1,100,1,1,1,1,1,1,1,0,0,1
0,0,0,0,0,0,0,1,1,1,100,1,1,1,1,1,1,1,0,0,1
0,0,0,0,0,0,0,1,1,1,100,1,1,1,1,1,1,1,0,0,1
0,0,0,0,0,0,0,1,1,1,100,1,1,1,1,1,1,1,0,0,1
0,0,0,0,0,0,0,1,1,1,100,1,1,1,1,1,1,1,0,0,1
0,0,0,0,0,0,0,1,1,1,100,1,1,1,1,1,1,1,1,0,1
0,0,0,0,0,0,0,1,1,1,100,1,1,1,1,1,1,1,1,0,1
0,0,0,0,0,0,0,1,1,1,100,1,1,1,1,1,1,1,1,0,1
0,0,0,0,0,0,0,1,1,1,100,1,1,1,1,1,1,1,1,0,1
0,0,0,0,0,0,0,1,1,1,100,1,1,1,1,1,1,1,1,0,1
0,0,0,0,0,0,0,1,1,1,100,1,1,1,1,1,1,1,1,0,1
0,0,0,0,0,0,0,1,1,1,100,1,1,1,1,1,1,1,1,0,1
0,0,0,0,0,0,0,1,1,1,100,1,1,1,1,1,1,1,1,0,1
0,0,0,0,0,0,0,1,1,1,100,1,1,1,1,1,1,1,1,0,1
0,0,0,0,0,0,0,1,1,1,100,1,1,1,1,1,1,1,1,0,1
0,0,0,0,0,0,0,1,1,1,100,1,1,1,1,1,1,1,1,0,1
0,0,0,0,0,0,0,1,1,1,100,1,1,1,1,1,1,1,1,0,1
0,0,0,0,0,0,0,1,1,1,100,1,1,1,1,1,1,1,1,0,1
0,0,0,0,0,0,0,1,1,1,100,1,1,1,1,1,1,1,1,0,1
0,0,0,0,0,0,0,1,1,1,100,1,1,1,1,1,1,1,1,0,1
0,0,0,0,0,0,0,1,1,1,100,1,1,1,1,1,1,1,1,0,1
0,0,0,0,0,0,0,1,1,1,100,1,1,1,1,1,1,1,1,0,1
0,0,0,0,0,0,0,1,1,1,100,1,1,1,1,1,1,1,1,0,1
0,0,0,0,0,0,0,1,1,1,100,1,1,1,1,1,1,1,1,0,1
0,0,0,0,0,0,0,1,1,1,100,1,1,1,1,1,1,1,1,0,1
0,0,0,0,0,0,0,1,1,1,100,1,1,1,1,1,1,1,1,0,1
0,0,0,0,0,0,0,1,1,1,100,1,1,1,1,1,1,1,1,0,1
0,0,0,0,0,0,0,1,1,1,100,1,1,1,1,1,1,1,1,0,1
0,0,0,0,0,0,0,1,1,1,100,1,1,1,1,1,1,1,1,0,1
0,0,0,0,0,0,0,1,1,1,100,1,1,1,1,1,1,1,1,0,1
0,0,0,0,0,0,0,1,1,1,100,1,1,1,1,1,1,1,1,0,1
0,0,0,0,0,0,0,1,1,1,100,1,1,1,1,1,1,1,1,0,1
0,0,0,0,0,0,0,1,1,1,100,1,1,1,1,1,1,1,1,0,1
0,0,0,0,0,0,0,1,1,1,100,1,1,1,1,1,1,1,1,0,1
0,0,0,0,0,0,0,1,1,1,100,1,1,1,1,1,1,1,1,0,1
0,0,0,0,0,0,0,1,1,1,100,1,1,1,1,1,1,1,1,0,1
0,0,0,0,0,0,0,1,1,1,100,1,1,1,1,1,1,1,1,0,1
0,0,0,0,0,0,0,1,1,1,100,1,1,1,1,1,1,1,1,0,1
0,0,0,0,0,0,0,1,1,1,100,1,1,1,1,1,1,1,1,0,1
0,0,0,0,0,0,0,1,1,1,100,1,1,1,1,1,1,1,1,0,1
0,0,0,0,0,0,0,1,1,1,100,1,1,1,1,1,1,1,1,0,1
0,0,0,0,0,0,0,1,1,1,100,1,1,1,1,1,1,1,1,0,1
0,0,0,0,0,0,0,1,1,1,100,1,1,1,1,1,1,1,1,0,1
0,0,0,0,0,0,0,1,1,1,100,1,1,1,1,1,1,1,1,0,1
0,0,0,0,0,0,0,1,1,1,100,1,1,1,1,1,1,1,1,0,1
0,0,0,0,0,0,0,1,1,1,100,1,1,1,1,1,1,1,1,0,1
0,0,0,0,0,0,0,1,1,1,100,1,1,1,1,1,1,1,1,0,1
0,0,0,0,0,0,0,1,1,1,100,1,1,1,1,1,1,1,1,0,1
0,0,0,0,0,0,0,1,1,1,100,1,1,1,1,1,1,1,1,0,1
0,0,0,0,0,0,0,1,1,1,100,1,1,1,1,1,1,1,1,0,1
0,0,0,0,0,0,0,1,1,1,100,1,1,1,1,1,1,1,1,0,1
0,0,0,0,0,0,0,1,1,1,100,1,1,1,1,1,1,1,1,0,1
0,0,0,0,0,0,0,1,1,1,100,1,1,1,1,1,1,1,1,0,1
0,0,0,0,0,0,0,1,1,1,100,1,1,1,1,1,1,1,1,0,1
0,0,0,0,0,0,0,1,1,1,100,1,1,1,1,1,1,1,1,0,1
0,0,0,0,0,0,0,1,1,1,100,1,1,1,1,1,1,1,1,0,1
0,0,0,0,0,0,0,1,1,1,100,1,1,1,1,1,1,1,1,0,1
0,0,0,0,0,0,0,1,1,1,100,1,1,1,1,1,1,1,1,0,1
0,0,0,0,0,0,0,1,1,1,100,1,1,1,1,1,1,1,1,0,1
0,0,0,0,0,0,0,1,1,1,100,1,1,1,1,1,1,1,1,0,1
0,0,0,0,0,0,0,1,1,1,100,1,1,1,1,1,1,1,1,0,1
0,0,0,0,0,0,0,1,1,1,100,1,1,1,1,1,1,1,1,0,1
0,0,0,0,0,0,0,1,1,1,100,1,1,1,1,1,1,1,1,0,1
0,0,0,0,0,0,0,1,1,1,100,1,1,1,1,1,1,1,1,0,1
0,0,0,0,0,0,0,1,1,1,100,1,1,1,1,1,1,1,1,0,1
0,0,0,0,0,0,0,1,1,1,100,1,1,1,1,1,1,1,1,0,1
0,0,0,0,0,0,0,1,1,1,100,1,1,1,1,1,1,1,1,0,1
0,0,0,0,0,0,0,1,1,1,100,1,1,1,1,1,1,1,1,0,1
0,0,0,0,0,0,0,1,1,1,100,1,1,1,1,1,1,1,1,0,1
0,0,0,0,0,0,0,1,1,1,100,1,1,1,1,1,1,1,1,0,1
0,0,0,0,0,0,0,1,1,1,100,1,1,1,1,1,1,1,1,0,1
0,0,0,0,0,0,0,1,1,1,100,1,1,1,1,1,1,1,1,0,1
0,0,0,0,0,0,0,1,1,1,100,1,1,1,1,1,1,1,1,0,1
0,0,0,0,0,0,0,1,1,1,100,1,1,1,1,1,1,1,1,0,1
0,0,0,0,0,0,0,1,1,1,100,1,1,1,1,1,1,1,1,0,1
0,0,0,0,0,0,0,1,1,1,100,1,1,1,1,1,1,1,1,0,1
0,0,0,0,0,0,0,0,0,0,32,0,0,0,1,1,0,1,1,0,1
0,0,0,0,0,0,0,1,1,1,100,1,1,1,1,1,1,1,1,0,1
0,0,0,0,0,0,0,1,1,1,100,1,1,1,1,1,1,1,1,0,1
0,0,0,0,0,0,0,1,1,1,100,1,1,1,1,1,1,1,1,0,1
0,0,0,0,0,0,0,1,1,1,100,1,1,1,1,1,1,1,1,0,1
0,0,0,0,0,0,0,1,1,1,100,1,1,1,1,1,1,1,1,0,1
0,0,0,0,0,0,0,1,1,1,100,1,1,1,1,1,1,1,1,0,1
0,0,0,0,0,0,0,1,1,1,100,1,1,1,1,1,1,1,1,0,1
0,0,0,0,0,0,0,1,1,1,100,1,1,1,1,1,1,1,1,0,1
0,0,0,0,0,0,0,1,1,1,100,1,1,1,1,1,1,1,1,0,1
0,0,0,0,0,0,0,1,1,1,100,1,1,1,1,1,1,1,1,0,1
0,0,0,0,0,0,0,1,1,1,100,1,1,1,1,1,1,1,1,0,1
0,0,0,0,0,0,0,1,1,1,100,1,1,1,1,1,1,1,1,0,1
0,0,0,0,0,0,0,1,1,1,100,1,1,1,1,1,1,1,1,0,1
0,0,0,0,0,0,0,1,1,1,100,1,1,1,1,1,1,1,1,0,1
0,0,0,0,0,0,0,1,1,1,100,1,1,1,1,1,1,1,1,0,1
0,0,0,0,0,0,0,1,1,1,100,1,1,1,1,1,1,1,1,0,1
0,0,0,0,0,0,0,1,1,1,100,1,1,1,1,1,1,1,1,0,1
0,0,0,0,0,0,0,1,1,1,100,1,1,1,1,1,1,1,1,0,1
0,0,0,0,0,0,0,1,1,1,100,1,1,1,1,1,1,1,1,0,1
0,0,0,0,0,0,0,1,1,1,100,1,1,1,1,1,1,1,1,0,1
0,0,0,0,0,0,0,1,1,1,100,1,1,1,1,1,1,1,1,0,1
0,0,0,0,0,0,0,1,1,1,100,1,1,1,1,1,1,1,0,0,1
0,0,0,0,0,0,0,1,1,1,100,1,1,1,1,1,1,1,0,0,1
0,0,0,0,0,0,0,1,1,1,100,1,1,1,1,1,1,1,0,0,1
0,0,0,0,0,0,0,1,1,1,100,1,1,1,1,1,1,1,0,0,1
0,0,0,0,0,0,0,1,1,1,100,1,1,1,1,1,1,1,0,0,1
0,0,0,0,0,0,0,1,1,1,100,1,1,1,1,1,1,1,0,0,1
0,0,0,0,0,0,0,1,1,1,100,1,1,1,1,1,1,1,0,0,1
0,0,0,0,0,0,0,1,1,1,100,1,1,1,1,1,1,1,0,0,1
0,0,0,0,0,0,0,1,1,1,100,1,1,1,1,1,1,1,0,0,1
0,0,0,0,0,0,0,1,1,1,100,1,1,1,1,1,1,1,0,0,1
0,0,0,0,0,0,0,1,1,1,100,1,1,1,1,1,1,1,0,0,1
0,0,1,0,1,0,0,0,0,0,0,1,1,1,1,1,0,0,0,0,1
0,0,0,0,0,0,0,1,1,1,100,1,1,1,1,1,1,1,0,0,1
0,0,1,0,1,0,0,0,0,0,1,1,1,1,1,1,0,0,0,0,1
0,0,0,0,0,0,0,1,1,1,100,1,1,1,1,1,1,1,0,0,1
0,0,1,0,1,0,0,0,0,0,0,1,1,1,1,1,0,0,0,0,1
0,0,0,0,0,0,0,1,1,1,100,1,1,1,1,1,1,1,0,0,1
0,0,0,0,0,0,0,1,1,1,100,1,1,1,1,1,1,1,0,0,1
0,0,0,0,0,0,0,1,1,1,100,1,1,1,1,1,1,1,0,0,1
0,0,0,0,0,0,0,1,1,1,100,1,1,1,1,1,1,1,0,0,1
0,0,0,0,0,0,0,1,1,1,100,1,1,1,1,1,1,1,0,0,1
0,0,0,0,0,0,0,1,1,1,100,1,1,1,1,1,1,1,0,0,1
0,0,0,0,0,0,0,1,1,1,100,1,1,1,1,1,1,1,0,0,1
0,0,0,0,0,0,0,1,1,1,100,1,1,1,1,1,1,1,0,0,1
0,0,0,0,0,0,0,1,1,1,100,1,1,1,1,1,1,1,0,0,1
0,0,0,0,0,0,0,1,1,1,100,1,1,1,1,1,1,1,0,0,1
0,0,0,0,0,0,0,1,1,1,100,1,1,1,1,1,1,1,0,0,1
0,0,0,0,0,0,0,1,1,1,100,1,1,1,1,1,1,1,0,0,1
0,0,0,0,0,0,0,1,1,1,100,1,1,1,1,1,1,1,0,0,1
0,0,0,0,0,0,0,1,1,1,100,1,1,1,1,1,1,1,0,0,1
0,0,0,0,0,0,0,1,1,1,100,1,1,1,1,1,1,1,0,0,1
0,0,0,0,0,0,0,1,1,1,100,1,1,1,1,1,1,1,0,0,1
0,0,0,0,0,0,0,1,1,1,100,1,1,1,1,1,1,1,0,0,1
0,0,0,0,0,0,0,1,1,1,100,1,1,1,1,1,1,1,0,0,1
0,0,0,0,0,0,0,1,1,1,100,1,1,1,1,1,1,1,0,0,1
0,0,0,0,0,0,0,1,1,1,100,1,1,1,1,1,1,1,0,0,1
0,0,0,0,0,0,0,1,1,1,100,1,1,1,1,1,1,1,0,0,1
0,0,0,0,0,0,0,1,1,1,100,1,1,1,1,1,1,1,0,0,1
0,0,0,0,0,0,0,1,1,1,100,1,1,1,1,1,1,1,0,0,1
0,0,0,0,0,0,0,1,1,1,100,1,1,1,1,1,1,1,0,0,1
0,0,0,0,0,0,0,1,1,1,100,1,1,1,1,1,1,1,0,0,1
0,0,0,0,0,0,0,1,1,1,100,1,1,1,1,1,1,1,0,0,1
0,0,0,0,0,0,0,1,1,1,100,1,1,1,1,1,1,1,0,0,1
0,0,0,0,0,0,0,1,1,1,100,1,1,1,1,1,1,1,0,0,1
0,0,0,0,0,0,0,1,1,1,100,1,1,1,1,1,1,1,0,0,1
0,0,0,0,0,0,0,1,1,1,100,1,1,1,1,1,1,1,0,0,1
0,0,0,0,0,0,0,1,1,1,100,1,1,1,1,1,1,1,0,0,1
0,0,0,0,0,0,0,1,1,1,100,1,1,1,1,1,1,1,0,0,1
0,0,0,0,0,0,0,1,1,1,100,1,1,1,1,1,1,1,0,0,1
0,0,0,0,0,0,0,1,1,1,100,1,1,1,1,1,1,1,0,0,1
0,0,0,0,0,0,0,1,1,1,100,1,1,1,1,1,1,1,0,0,1
0,0,0,0,0,0,0,1,1,1,100,1,1,1,1,1,1,1,0,0,1
0,0,0,0,0,0,0,1,1,1,100,1,1,1,1,1,1,1,0,0,1
0,0,0,0,0,0,0,1,1,1,100,1,1,1,1,1,1,1,0,0,1
0,0,0,0,0,0,0,1,1,1,100,1,1,1,1,1,1,1,0,0,1
0,0,0,0,0,0,0,1,1,1,100,1,1,1,1,1,1,1,0,0,1
0,0,0,0,0,0,0,1,1,1,100,1,1,1,1,1,1,1,0,0,1
0,0,0,0,0,0,0,1,1,1,100,1,1,1,1,1,1,1,0,0,1
0,0,0,0,0,0,0,1,1,1,100,1,1,1,1,1,1,1,0,0,1
0,0,0,0,0,0,0,1,1,1,100,1,1,1,1,1,1,1,0,0,1
0,0,0,0,0,0,0,1,1,1,100,1,1,1,1,1,1,1,0,0,1
0,0,0,0,0,0,0,1,1,1,100,1,1,1,1,1,1,1,0,0,1
0,0,0,0,0,0,0,1,1,1,100,1,1,1,1,1,1,1,0,0,1
0,0,0,0,0,0,0,1,1,1,100,1,1,1,1,1,1,1,0,0,1
0,0,0,0,0,0,0,1,1,1,100,1,1,1,1,1,1,1,0,0,1
0,0,0,0,0,0,0,1,1,1,100,1,1,1,1,1,1,1,0,0,1
0,0,0,0,0,0,0,1,1,1,100,1,1,1,1,1,1,1,0,0,1
0,0,0,0,0,0,0,1,1,1,100,1,1,1,1,1,1,1,0,0,1
0,0,0,0,0,0,0,1,1,1,100,1,1,1,1,1,1,1,0,0,1
0,0,0,0,0,0,0,1,1,1,100,1,1,1,1,1,1,1,0,0,1
0,0,0,0,0,0,0,1,1,1,100,1,1,1,1,1,1,1,0,0,1
0,0,0,0,0,0,0,1,1,1,100,1,1,1,1,1,1,1,0,0,1
0,0,0,0,0,0,0,1,1,1,100,1,1,1,1,1,1,1,0,0,1
0,0,0,0,0,0,0,1,1,1,100,1,1,1,1,1,1,1,0,0,1
0,0,0,0,0,0,0,1,1,1,100,1,1,1,1,1,1,1,0,0,1
0,0,0,0,0,0,0,1,1,1,100,1,1,1,1,1,1,1,0,0,1
0,0,0,0,0,0,0,1,1,1,100,1,1,1,1,1,1,1,0,0,1
0,0,0,0,0,0,0,1,1,1,100,1,1,1,1,1,1,1,0,0,1
0,0,0,0,0,0,0,1,1,1,100,1,1,1,1,1,1,1,0,0,1
0,0,0,0,0,0,0,1,1,1,100,1,1,1,1,1,1,1,0,0,1
0,0,0,0,0,0,0,1,1,1,100,1,1,1,1,1,1,1,0,0,1
0,0,0,0,0,0,0,1,1,1,100,1,1,1,1,1,1,1,0,0,1
0,0,0,0,0,0,0,1,1,1,100,1,1,1,1,1,1,1,0,0,1
0,0,0,0,0,0,0,1,1,1,100,1,1,1,1,1,1,1,0,0,1
0,0,0,0,0,0,0,1,1,1,100,1,1,1,1,1,1,1,0,0,1
0,0,0,0,0,0,0,1,1,1,100,1,1,1,1,1,1,1,0,0,1
0,0,0,0,0,0,0,1,1,1,100,1,1,1,1,1,1,1,0,0,1
0,0,0,0,0,0,0,1,1,1,100,1,1,1,1,1,1,1,0,0,1
0,0,0,0,0,0,0,1,1,1,100,1,1,1,1,1,1,1,0,0,1
0,0,0,0,0,0,0,1,1,1,100,1,1,1,1,1,1,1,0,0,1
0,0,0,0,0,0,0,1,1,1,100,1,1,1,1,1,1,1,0,0,1
1,0,0,0,0,0,0,1,1,1,100,1,1,1,1,1,1,1,0,0,1
0,0,0,0,1,0,0,1,1,1,100,1,1,1,1,1,1,1,0,0,1
0,0,0,0,1,0,0,1,1,1,100,1,1,1,1,1,1,1,0,0,1
0,0,0,0,1,0,0,1,1,1,11,0,0,0,1,1,0,0,0,0,1
0,0,0,0,1,0,0,1,1,1,100,1,1,1,1,1,1,1,0,0,1
0,0,0,0,1,0,0,1,1,1,100,1,1,1,1,1,1,1,0,0,1
0,0,0,0,1,0,0,1,1,1,100,1,1,1,1,1,1,1,0,0,1
0,0,0,0,1,0,0,1,1,1,100,1,1,1,1,1,1,1,0,0,1
0,0,0,0,1,0,0,1,1,1,100,1,1,1,1,1,1,1,0,0,1
0,0,0,0,1,0,0,1,1,1,100,1,1,1,1,1,1,1,0,0,1
0,0,0,0,1,0,0,1,1,1,100,1,1,1,1,1,1,1,0,0,1
0,0,0,0,1,0,0,1,1,1,100,1,1,1,1,1,1,1,0,0,1
0,0,0,0,1,0,0,1,1,1,100,1,1,1,1,1,1,1,0,0,1
0,0,0,0,1,0,0,1,1,1,100,1,1,1,1,1,1,1,0,0,1
0,0,0,0,1,0,0,1,1,1,100,1,1,1,1,1,1,1,0,0,1
0,0,0,0,1,0,0,1,1,1,100,1,1,1,1,1,1,1,0,0,1
0,0,0,0,1,0,0,1,1,1,100,1,1,1,1,1,1,1,0,0,1
0,0,0,0,1,0,0,1,1,1,100,1,1,1,1,1,1,1,0,0,1
0,0,0,0,1,0,0,1,1,1,100,1,1,1,1,1,1,1,0,0,1
0,0,0,0,1,0,0,1,1,1,100,1,1,1,1,1,1,1,0,0,1
0,0,0,0,1,0,0,1,1,1,100,1,1,1,1,1,1,1,0,0,1
0,0,0,0,1,0,0,1,1,1,100,1,1,1,1,1,1,1,0,0,1
0,0,0,0,1,0,0,1,1,1,100,1,1,1,1,1,1,1,0,0,1
0,0,0,0,1,0,0,1,1,1,100,1,1,1,1,1,1,1,0,0,1
0,0,0,0,1,0,0,1,1,1,100,1,1,1,1,1,1,1,0,0,1
0,0,0,0,1,0,0,1,1,1,100,1,1,1,1,1,1,1,0,0,1
0,0,0,0,1,0,0,1,1,1,100,1,1,1,1,1,1,1,0,0,1
0,0,0,0,1,0,0,1,1,1,100,1,1,1,1,1,1,1,0,0,1
0,0,0,0,1,0,0,1,1,1,100,1,1,1,1,1,1,1,0,0,1
0,0,1,0,0,0,0,1,1,1,100,1,1,1,1,1,1,1,0,0,1
0,0,0,0,1,0,0,1,1,1,100,1,1,1,1,1,1,1,0,0,1
0,0,0,0,1,0,0,1,1,1,100,1,1,1,1,1,1,1,0,0,1
0,0,1,0,0,0,0,0,0,0,0,1,1,1,1,1,0,1,0,0,1
0,0,0,0,1,0,0,1,1,1,100,1,1,1,1,1,1,1,0,0,1
0,0,0,0,1,0,0,1,1,1,100,1,1,1,1,1,1,1,0,0,1
0,0,1,0,0,0,0,1,0,1,100,1,1,1,1,1,1,1,0,0,1
0,0,0,0,1,0,0,1,1,1,100,1,1,1,1,1,1,1,0,0,1
0,0,0,0,1,0,0,1,1,1,100,1,1,1,1,1,1,1,0,0,1
0,0,0,0,1,0,0,1,1,1,100,1,1,1,1,1,1,1,0,0,1
0,0,1,0,1,0,0,0,0,0,0,1,1,1,1,1,0,0,0,0,1
0,0,1,0,0,0,0,1,0,1,100,1,1,1,1,1,1,1,0,0,1
0,0,1,0,1,0,0,0,0,0,0,1,1,1,1,1,0,0,0,0,1
0,0,0,0,1,0,0,1,1,1,100,1,1,1,1,1,1,1,0,0,1
0,0,1,0,1,0,0,0,0,0,0,1,1,1,1,1,0,0,0,0,1
0,0,1,0,1,0,0,0,0,0,0,1,1,1,1,1,0,0,0,0,1
0,0,0,0,1,0,0,1,1,1,100,1,1,1,1,1,1,1,0,0,1
0,0,1,0,1,0,0,0,0,0,0,1,1,1,1,1,0,0,0,0,1
0,0,1,0,1,0,0,0,0,0,0,1,1,1,1,1,0,0,0,0,1
0,0,0,0,1,0,0,1,1,1,100,1,1,1,1,1,1,1,0,0,1
0,0,1,0,0,0,0,1,0,0,13,1,1,1,1,1,0,1,0,0,1
0,0,1,0,1,0,0,0,0,0,0,1,1,1,1,1,0,0,0,0,1
0,0,0,0,1,0,0,1,1,1,100,1,1,1,1,1,1,1,0,0,1
0,0,1,0,1,0,0,1,0,0,13,1,1,1,1,1,0,1,0,0,1
0,0,0,0,1,0,0,1,1,1,100,1,1,1,1,1,1,1,0,0,1
0,0,1,0,0,0,0,1,1,1,100,1,1,1,1,1,1,1,0,0,1
0,0,1,0,1,0,0,0,0,0,0,1,1,1,1,1,0,0,0,0,1
0,0,1,0,1,0,0,0,0,0,0,1,1,1,1,1,0,0,0,0,1
0,0,1,0,1,0,0,0,0,0,0,1,1,1,1,1,0,0,0,0,1
0,0,0,0,1,0,0,1,1,1,100,1,1,1,1,1,1,1,0,0,1
0,0,1,0,0,0,0,0,0,0,0,1,1,1,1,1,0,1,0,0,1
0,0,1,0,0,0,0,0,0,0,0,1,1,1,1,1,0,1,0,0,1
0,0,1,0,0,0,0,0,0,0,0,1,1,1,1,1,0,0,0,0,1
0,0,1,0,1,0,0,0,0,0,0,1,1,1,1,1,0,0,0,0,1
0,0,1,0,1,0,0,0,0,0,0,1,1,1,1,1,0,0,0,0,1
0,0,0,0,1,0,0,1,1,1,100,1,1,1,1,1,1,1,0,0,1
0,0,1,0,0,0,0,1,1,1,100,1,1,1,1,1,1,1,0,0,1
0,0,1,0,1,0,0,0,0,0,0,1,1,1,1,1,0,0,0,0,1
0,0,1,0,0,0,0,1,0,1,100,1,1,1,1,1,1,1,0,0,1
0,0,1,0,0,0,0,1,1,1,100,1,1,1,1,1,1,1,0,0,1
0,0,1,0,0,0,0,0,0,0,0,1,1,1,1,1,0,1,0,0,1
0,0,1,0,0,0,0,1,0,0,13,1,1,1,1,1,0,1,0,0,1
0,0,0,0,0,0,0,0,0,0,0,1,1,1,1,1,0,1,0,0,1
0,0,1,0,1,0,0,0,0,0,0,1,1,1,1,1,0,0,0,0,1
0,0,1,0,1,0,0,1,0,0,13,1,1,1,1,1,0,1,0,0,1
0,0,0,0,1,0,0,1,0,0,13,1,1,1,1,1,0,1,0,0,1
0,0,1,0,0,0,0,1,1,1,100,1,1,1,1,1,1,1,0,0,1
0,0,1,0,1,0,0,0,0,0,0,1,1,1,1,1,0,0,0,0,1
0,0,1,0,0,0,0,1,1,1,100,1,1,1,1,1,1,1,0,0,1
0,0,1,0,1,0,0,0,0,0,0,1,1,1,1,1,0,0,0,0,1
0,0,1,0,1,0,0,0,0,0,0,1,1,1,1,1,0,0,0,0,1
0,0,1,0,1,0,0,0,0,0,0,1,1,1,1,1,0,0,0,0,1
0,0,1,0,0,0,0,0,0,0,0,1,1,1,1,1,0,0,0,0,1
0,0,1,0,0,0,0,0,0,0,0,1,1,1,1,1,0,1,0,0,1
0,0,1,0,0,0,0,0,0,0,0,1,1,1,1,1,0,1,0,0,1
0,0,1,0,1,0,0,0,0,0,7,0,1,0,1,0,0,0,0,0,1
0,0,1,0,0,0,0,1,1,1,100,1,1,1,1,1,1,1,0,0,1
0,0,1,0,0,0,0,0,0,0,1,1,1,1,1,1,0,0,0,0,1
0,0,1,0,0,0,0,0,0,0,1,1,1,1,1,1,0,0,0,0,1
0,0,1,0,1,0,0,0,0,0,1,1,1,1,1,1,0,0,0,0,1
0,0,1,0,1,0,0,0,0,0,1,1,1,1,1,1,0,0,0,0,1
0,0,1,0,0,0,0,0,0,0,0,1,1,1,1,1,0,0,0,0,1
0,0,1,0,0,0,0,0,0,0,0,1,1,1,1,1,0,0,0,0,1
0,0,1,0,0,0,0,0,0,0,0,1,1,1,1,1,0,1,0,0,1
0,0,1,0,0,0,0,0,0,0,0,1,1,1,1,1,0,1,0,0,1
0,0,1,0,0,0,0,0,0,0,0,1,1,1,1,1,0,1,0,0,1
0,0,1,0,0,0,0,0,0,0,0,1,1,1,1,1,0,1,0,0,1
0,0,1,0,1,0,0,0,0,0,0,1,1,1,1,1,0,0,0,0,1
0,0,1,0,1,0,0,0,0,0,1,1,1,1,1,1,0,0,0,0,1
0,0,0,0,1,0,0,0,0,0,1,1,1,1,1,1,0,0,0,0,1
0,0,0,0,0,0,0,0,0,0,0,1,1,1,1,1,0,1,0,0,1
0,0,0,0,0,0,0,0,0,0,0,1,1,1,1,1,0,1,0,0,1
0,0,1,0,0,0,0,1,1,1,100,1,1,1,1,1,1,1,0,0,1
0,0,1,0,0,0,0,1,1,1,100,1,1,1,1,1,1,1,0,0,1
0,0,1,0,0,0,0,1,1,1,100,1,1,1,1,1,1,1,0,0,1
0,0,1,0,0,0,0,1,1,1,100,1,1,1,1,1,1,1,0,0,1
0,0,0,0,1,0,0,1,0,1,11,1,1,1,1,1,0,1,0,0,1
0,0,1,0,0,0,0,0,0,0,0,1,1,1,1,1,0,0,0,0,1
0,0,1,0,0,0,0,0,0,0,0,1,1,1,1,1,0,0,0,0,1
0,0,1,0,0,0,0,1,1,1,100,1,1,1,1,1,1,1,0,0,1
0,0,1,0,0,0,0,1,1,1,100,1,1,1,1,1,1,1,0,0,1
0,0,1,0,1,0,0,0,0,1,8,1,1,1,1,1,1,0,0,0,1
0,0,0,0,1,0,0,0,0,1,8,1,1,1,1,1,1,0,0,0,1
0,0,1,0,0,0,0,1,0,1,22,0,0,0,1,1,1,1,0,0,1
0,0,1,0,1,0,0,0,0,0,0,1,1,1,1,1,0,0,0,0,1
0,0,1,0,0,0,0,0,0,0,0,1,1,1,1,1,0,0,0,0,1
0,0,1,0,0,0,0,1,0,1,100,1,1,1,1,1,1,1,0,0,1
0,0,1,0,1,0,0,0,0,0,0,1,1,1,1,1,0,0,0,0,1
0,0,1,0,1,0,0,0,0,0,0,1,1,1,1,1,0,0,0,0,1
0,0,1,0,0,0,0,1,1,1,100,1,1,1,1,1,1,1,0,0,1
0,0,0,0,0,0,0,0,0,0,0,1,1,1,1,1,0,1,0,0,1
0,0,0,0,1,0,0,0,0,0,0,1,1,1,1,1,0,0,0,0,1
0,0,1,0,0,0,0,1,1,1,100,1,1,1,1,1,1,1,0,0,1
0,0,1,0,1,0,0,0,0,0,0,1,1,1,1,1,0,0,0,0,1
0,0,1,0,1,0,0,0,0,0,0,1,1,1,1,1,0,0,0,0,1
0,0,1,0,0,0,0,0,0,0,0,1,1,1,1,1,0,0,0,0,1
0,0,1,0,0,0,0,0,0,0,0,1,1,1,1,1,0,1,0,0,1
0,0,1,0,0,0,0,0,0,0,0,1,1,1,1,1,0,1,0,0,1
0,0,1,0,1,0,0,0,0,0,0,1,1,1,1,1,0,0,0,0,1
0,0,1,0,0,0,0,1,1,1,100,1,1,1,1,1,1,1,0,0,1
0,0,1,0,0,0,0,1,1,1,100,1,1,1,1,1,1,1,0,0,1
0,0,1,0,0,0,0,1,1,1,100,1,1,1,1,1,1,1,0,0,1
0,0,1,0,0,0,0,1,0,1,100,1,1,1,1,1,1,1,0,0,1
0,0,1,0,0,0,0,1,1,1,100,1,1,1,1,1,1,1,0,0,1
0,0,1,0,0,0,0,1,1,1,100,1,1,1,1,1,1,1,0,0,1
0,0,1,0,1,0,0,0,0,0,0,1,1,1,1,1,0,0,0,0,1
0,0,1,0,1,0,0,0,0,0,0,1,1,1,1,1,0,0,0,0,1
0,0,1,0,0,0,0,0,0,0,0,1,1,1,1,1,0,1,0,0,1
0,0,0,0,0,0,0,0,0,0,0,1,1,1,1,1,0,1,0,0,1
0,0,0,0,0,0,0,0,0,0,0,1,1,1,1,1,0,1,0,0,1
0,0,1,0,1,0,0,1,0,0,9,0,1,0,1,1,0,1,0,0,1
0,0,0,0,1,0,0,1,0,0,9,0,1,0,1,1,0,1,0,0,1
0,0,1,0,0,0,0,1,1,1,100,1,1,1,1,1,1,1,0,0,1
1,0,1,0,0,0,0,1,0,1,11,0,0,1,1,1,1,0,0,0,1
0,0,1,0,1,0,0,1,0,1,11,0,0,1,1,1,1,0,0,0,1
0,0,1,0,0,0,0,0,0,0,0,1,1,1,1,1,0,0,0,0,1
0,0,1,0,0,0,0,0,0,0,0,1,1,1,1,1,0,1,0,0,1
1,0,1,0,1,0,0,0,0,0,0,1,1,1,1,1,0,0,0,0,1
0,0,1,0,0,0,0,1,1,1,100,1,1,1,1,1,1,1,0,0,1
0,0,1,0,0,0,0,0,0,0,0,1,1,1,1,1,0,1,0,0,1
1,0,1,0,1,0,0,1,0,1,11,0,0,1,1,1,1,0,0,0,1
1,0,1,0,0,0,0,1,1,1,100,1,1,1,1,1,1,1,0,0,1
1,0,1,0,0,0,0,1,1,1,100,1,1,1,1,1,1,1,0,0,1
0,0,1,0,0,0,0,1,1,1,100,1,1,1,1,1,1,1,0,0,1
0,0,1,0,0,0,0,0,0,0,1,1,1,1,1,1,0,0,0,0,1
0,0,1,0,1,0,0,0,0,0,1,1,1,1,1,1,0,0,0,0,1
0,0,1,0,0,0,0,0,0,0,0,1,1,1,1,1,0,0,0,0,1
0,0,1,0,1,0,0,0,0,0,0,1,1,1,1,1,0,0,0,0,1
0,0,1,0,1,0,0,0,0,0,1,1,1,1,1,1,0,0,0,0,1
0,0,0,0,1,0,0,0,0,0,1,1,1,1,1,1,0,0,0,0,1
0,0,1,0,0,0,0,1,1,1,100,1,1,1,1,1,1,1,0,0,1
0,0,0,0,0,0,0,0,0,0,0,1,1,1,1,1,0,1,0,0,1
0,1,0,0,0,0,0,1,1,1,100,1,1,1,1,1,1,1,0,0,1
0,1,0,0,0,0,0,1,1,1,100,1,1,1,1,1,1,1,0,0,1
0,1,0,0,0,0,0,1,1,1,100,1,1,1,1,1,1,1,0,0,1
0,1,0,0,0,0,0,1,1,1,100,1,1,1,1,1,1,1,0,0,1
0,1,0,0,0,0,0,1,1,1,100,1,1,1,1,1,1,1,0,0,1
0,1,0,0,0,0,0,1,1,1,100,1,1,1,1,1,1,1,0,0,1
0,1,0,0,0,0,0,1,1,1,100,1,1,1,1,1,1,1,0,0,1
0,0,0,0,0,0,0,1,1,1,100,1,1,1,1,1,1,1,0,0,1
0,0,0,0,1,0,0,1,1,1,100,1,1,1,1,1,1,1,0,0,1
0,0,0,0,1,0,0,1,1,1,100,1,1,1,1,1,1,1,0,0,1
0,0,0,0,0,0,0,1,1,1,100,1,1,1,1,1,1,1,0,0,1
0,0,0,0,0,0,0,1,1,1,100,1,1,1,1,1,1,1,0,0,1
0,0,0,0,0,0,0,1,1,1,100,1,1,1,1,1,1,1,0,0,1
0,0,0,0,0,0,0,1,1,1,100,1,1,1,1,1,1,1,0,0,1
0,0,0,0,0,0,0,1,1,1,100,1,1,1,1,1,1,1,0,0,1
0,0,0,0,0,0,0,1,1,1,100,1,1,1,1,1,1,1,0,0,1
0,0,0,0,0,0,0,1,1,1,100,1,1,1,1,1,1,1,0,0,1
0,0,0,0,0,0,0,1,1,1,100,1,1,1,1,1,1,1,0,0,1
0,0,0,0,0,0,0,1,1,1,100,1,1,1,1,1,1,1,0,0,1
0,0,0,0,0,0,0,1,1,1,100,1,1,1,1,1,1,1,0,0,1
0,0,0,0,0,0,0,1,1,1,100,1,1,1,1,1,1,1,0,0,1
0,0,0,0,0,0,0,1,1,1,100,1,1,1,1,1,1,1,0,0,1
0,0,0,0,0,0,0,1,1,1,100,1,1,1,1,1,1,1,0,0,1
0,0,0,0,0,0,0,1,1,1,100,1,1,1,1,1,1,1,0,0,1
0,0,0,0,0,0,0,1,1,1,100,1,1,1,1,1,1,1,0,0,1
0,0,0,0,0,0,0,0,1,0,0,1,1,1,1,1,0,0,0,0,1
0,0,0,0,0,0,0,1,1,1,100,1,1,1,1,1,1,1,0,0,1
0,0,0,0,0,0,0,1,1,1,100,1,1,1,1,1,1,1,0,0,1
0,0,0,0,0,0,0,1,1,1,100,1,1,1,1,1,1,1,0,0,1
0,0,0,0,0,0,0,1,1,1,100,1,1,1,1,1,1,1,0,0,1
0,0,0,0,0,0,0,1,1,1,100,1,1,1,1,1,1,1,0,0,1
0,0,0,0,0,0,0,1,1,1,100,1,1,1,1,1,1,1,0,0,1
0,0,0,0,0,0,0,1,1,1,100,1,1,1,1,1,1,1,0,0,1
0,0,0,0,0,0,0,0,1,0,0,1,1,1,1,1,0,0,0,0,1
0,0,0,0,0,0,0,1,1,1,100,1,1,1,1,1,1,1,0,0,1
0,0,0,0,0,0,0,1,1,1,100,1,1,1,1,1,1,1,0,0,1
0,0,0,0,1,0,0,1,1,1,100,1,1,1,1,1,1,1,0,0,1
0,0,0,0,1,0,0,1,1,1,100,1,1,1,1,1,1,1,0,0,1
0,0,0,0,1,0,0,1,1,1,100,1,1,1,1,1,1,1,0,0,1
0,0,0,0,1,0,0,1,1,1,100,1,1,1,1,1,1,1,0,0,1
0,0,0,0,1,0,0,1,1,1,100,1,1,1,1,1,1,1,0,0,1
0,0,0,0,1,0,0,1,1,1,100,1,1,1,1,1,1,1,0,0,1
0,0,0,0,0,0,0,1,1,1,100,1,1,1,1,1,1,1,0,0,1
0,0,0,0,0,0,0,1,1,1,100,1,1,1,1,1,1,1,0,0,1
0,0,0,0,1,0,0,1,1,1,100,1,1,1,1,1,1,1,0,0,1
0,0,0,0,1,0,0,1,1,1,100,1,1,1,1,1,1,1,0,0,1
0,0,0,0,1,0,0,1,1,1,100,1,1,1,1,1,1,1,0,0,1
0,0,0,0,1,0,0,1,1,1,100,1,1,1,1,1,1,1,0,0,1
0,0,0,0,0,0,0,1,1,1,100,1,1,1,1,1,1,1,0,0,1
0,0,0,0,0,0,0,1,1,1,100,1,1,1,1,1,1,1,0,0,1
0,0,0,0,0,0,0,1,1,1,100,1,1,1,1,1,1,1,0,0,1
0,0,0,0,0,0,0,1,1,1,100,1,1,1,1,1,1,1,0,0,1
0,0,0,0,0,0,0,1,1,1,100,1,1,1,1,1,1,1,0,0,1
0,0,0,0,0,0,0,1,1,1,100,1,1,1,1,1,1,1,0,0,1
0,0,0,0,0,0,0,1,1,1,100,1,1,1,1,1,1,1,0,0,1
0,0,0,0,0,0,0,1,1,1,100,1,1,1,1,1,1,1,0,0,1
0,0,0,0,0,0,0,1,1,1,100,1,1,1,1,1,1,1,0,0,1
0,0,0,0,0,0,0,1,1,1,100,1,1,1,1,1,1,1,0,0,1
0,0,0,0,0,0,0,1,1,1,100,1,1,1,1,1,1,1,0,0,1
0,0,0,0,0,0,0,1,1,1,100,1,1,1,1,1,1,1,0,0,1
0,0,0,0,0,0,0,1,1,1,100,1,1,1,1,1,1,1,0,0,1
0,0,0,0,0,0,0,1,1,1,100,1,1,1,1,1,1,1,0,0,1
0,0,0,0,0,0,0,1,1,1,100,1,1,1,1,1,1,1,0,0,1
0,0,0,0,0,0,0,1,1,1,100,1,1,1,1,1,1,1,0,0,1
0,0,0,0,0,0,0,1,1,1,100,1,1,1,1,1,1,1,0,0,1
0,0,0,0,0,0,0,1,1,1,100,1,1,1,1,1,1,1,0,0,1
0,0,0,0,0,0,0,1,1,1,100,1,1,1,1,1,1,1,0,0,1
0,0,0,0,0,0,0,1,1,1,100,1,1,1,1,1,1,1,0,0,1
0,0,0,0,0,0,0,1,1,1,100,1,1,1,1,1,1,1,0,0,1
0,0,0,0,0,0,0,1,1,1,100,1,1,1,1,1,1,1,0,0,1
0,0,0,0,0,0,0,1,1,1,100,1,1,1,1,1,1,1,0,0,1
0,0,0,0,0,0,0,1,1,1,100,1,1,1,1,1,1,1,0,0,1
0,0,0,0,0,0,0,1,1,1,100,1,1,1,1,1,1,1,0,0,1
0,0,0,0,0,0,0,1,1,1,100,1,1,1,1,1,1,1,0,0,1
0,0,0,0,1,0,0,1,1,1,100,1,1,1,1,1,1,1,0,0,1
0,0,0,0,1,0,0,1,1,1,100,1,1,1,1,1,1,1,0,0,1
0,0,0,0,0,0,0,1,1,1,100,1,1,1,1,1,1,1,0,0,1
0,0,0,0,0,0,0,1,1,1,100,1,1,1,1,1,1,1,0,0,1
0,0,0,0,1,0,0,1,1,1,100,1,1,1,1,1,1,1,0,0,1
0,0,0,0,1,0,0,1,1,1,100,1,1,1,1,1,1,1,0,0,1
0,0,0,0,1,0,0,1,1,1,100,1,1,1,1,1,1,1,0,0,1
0,0,0,0,1,0,0,1,1,1,100,1,1,1,1,1,1,1,0,0,1
0,0,0,0,0,0,0,1,1,1,100,1,1,1,1,1,1,1,0,0,1
0,0,0,0,0,0,0,1,1,1,100,1,1,1,1,1,1,1,0,0,1
0,0,0,0,1,0,0,1,1,1,100,1,1,1,1,1,1,1,0,0,1
0,0,0,0,1,0,0,1,1,1,100,1,1,1,1,1,1,1,0,0,1
0,0,0,0,0,0,0,1,1,1,100,1,1,1,1,1,1,1,0,0,1
0,0,0,0,0,0,0,1,1,1,100,1,1,1,1,1,1,1,0,0,1
0,0,0,0,0,0,0,1,1,1,100,1,1,1,1,1,1,1,0,0,1
0,0,0,0,0,0,0,1,1,1,100,1,1,1,1,1,1,1,0,0,1
0,0,0,0,0,0,0,1,1,1,100,1,1,1,1,1,1,1,0,0,1
0,0,0,0,0,0,0,1,1,1,100,1,1,1,1,1,1,1,0,0,1
0,0,0,0,0,0,0,1,1,1,100,1,1,1,1,1,1,1,0,0,1
0,0,0,0,0,0,0,1,1,1,100,1,1,1,1,1,1,1,0,0,1
0,0,0,0,0,0,0,1,1,1,100,1,1,1,1,1,1,1,0,0,1
0,0,0,0,0,0,0,1,1,1,100,1,1,1,1,1,1,1,0,0,1
0,0,0,0,0,0,0,1,1,1,100,1,1,1,1,1,1,1,0,0,1
0,0,0,0,0,0,0,1,1,1,100,1,1,1,1,1,1,1,0,0,1
0,0,0,0,0,0,0,1,1,1,100,1,1,1,1,1,1,1,0,0,1
0,0,0,0,0,0,0,1,1,1,100,1,1,1,1,1,1,1,0,0,1
0,0,0,0,0,0,0,1,1,1,100,1,1,1,1,1,1,1,0,0,1
0,0,0,0,0,0,0,1,1,1,100,1,1,1,1,1,1,1,0,0,1
0,0,0,0,0,0,0,1,1,1,100,1,1,1,1,1,1,1,0,0,1
0,0,0,0,0,0,0,1,1,1,100,1,1,1,1,1,1,1,0,0,1
0,0,0,0,0,0,0,1,1,1,100,1,1,1,1,1,1,1,0,0,1
0,0,0,0,0,0,0,1,1,1,100,1,1,1,1,1,1,1,0,0,1
0,0,0,0,0,0,0,1,1,1,100,1,1,1,1,1,1,1,0,0,1
0,0,0,0,0,0,0,1,1,1,100,1,1,1,1,1,1,1,0,0,1
0,0,0,0,0,0,0,1,1,1,100,1,1,1,1,1,1,1,0,0,1
0,0,0,0,0,0,0,1,1,1,100,1,1,1,1,1,1,1,0,0,1
0,0,0,0,0,0,0,1,1,1,100,1,1,1,1,1,1,1,0,0,1
0,0,0,0,0,0,0,1,1,1,100,1,1,1,1,1,1,1,0,0,1
0,0,0,0,0,0,0,1,1,1,100,1,1,1,1,1,1,1,0,0,1
0,0,0,0,0,0,0,1,1,1,100,1,1,1,1,1,1,1,0,0,1
0,0,0,0,0,0,0,1,1,1,100,1,1,1,1,1,1,1,0,0,1
0,0,0,0,0,0,0,1,1,1,100,1,1,1,1,1,1,1,0,0,1
0,0,0,0,0,0,0,1,1,1,100,1,1,1,1,1,1,1,0,0,1
0,0,0,0,0,0,0,1,1,1,100,1,1,1,1,1,1,1,0,0,1
0,0,0,0,0,0,0,1,1,1,100,1,1,1,1,1,1,1,0,0,1
0,0,0,0,0,0,0,1,1,1,100,1,1,1,1,1,1,1,0,0,1
0,0,0,0,0,0,0,1,1,1,100,1,1,1,1,1,1,1,0,0,1
0,0,0,0,0,0,0,1,1,1,100,1,1,1,1,1,1,1,0,0,1
0,0,0,0,0,0,0,1,1,1,100,1,1,1,1,1,1,1,0,0,1
0,0,0,0,0,0,0,1,1,1,100,1,1,1,1,1,1,1,0,0,1
0,0,0,0,0,0,0,1,1,1,100,1,1,1,1,1,1,1,0,0,1
0,0,0,0,0,0,0,1,1,1,100,1,1,1,1,1,1,1,0,0,1
0,0,0,0,0,0,0,1,1,1,100,1,1,1,1,1,1,1,0,0,1
0,0,0,0,0,0,0,1,1,1,100,1,1,1,1,1,1,1,0,0,1
0,0,0,0,0,0,0,1,1,1,100,1,1,1,1,1,1,1,0,0,1
0,0,0,0,0,0,0,1,1,1,100,1,1,1,1,1,1,1,0,0,1
0,0,0,0,0,0,0,1,1,1,100,1,1,1,1,1,1,1,0,0,1
0,0,0,0,0,0,0,1,1,1,100,1,1,1,1,1,1,1,0,0,1
0,0,0,0,0,0,0,1,1,1,100,1,1,1,1,1,1,1,0,0,1
0,0,0,0,0,0,0,1,1,1,100,1,1,1,1,1,1,1,0,0,1
0,0,0,0,0,0,0,1,1,1,100,1,1,1,1,1,1,1,0,0,1
0,0,0,0,0,0,0,1,1,1,100,1,1,1,1,1,1,1,0,0,1
0,0,0,0,0,0,0,1,1,1,100,1,1,1,1,1,1,1,0,0,1
0,0,0,0,0,0,0,1,1,1,100,1,1,1,1,1,1,1,0,0,1
0,0,0,0,0,0,0,1,1,1,100,1,1,1,1,1,1,1,0,0,1
0,0,0,0,0,0,0,1,1,1,100,1,1,1,1,1,1,1,0,0,1
0,0,0,0,1,0,0,1,1,1,100,1,1,1,1,1,1,1,0,0,1
0,0,0,0,1,0,0,1,1,1,100,1,1,1,1,1,1,1,0,0,1
0,0,0,0,0,0,0,1,1,1,100,1,1,1,1,1,1,1,0,0,1
0,0,0,0,0,0,0,1,1,1,100,1,1,1,1,1,1,1,0,0,1
0,0,0,0,0,0,0,1,1,1,100,1,1,1,1,1,1,1,0,0,1
0,0,0,0,0,0,0,1,1,1,100,1,1,1,1,1,1,1,0,0,1
0,0,0,0,1,0,0,1,1,1,100,1,1,1,1,1,1,1,0,0,1
0,0,0,0,1,0,0,1,1,1,100,1,1,1,1,1,1,1,0,0,1
0,0,0,0,0,0,0,1,1,1,100,1,1,1,1,1,1,1,0,0,1
0,0,0,0,0,0,0,1,1,1,100,1,1,1,1,1,1,1,0,0,1
0,0,0,0,0,0,0,1,1,1,100,1,1,1,1,1,1,1,0,0,1
0,0,0,0,0,0,0,1,1,1,100,1,1,1,1,1,1,1,0,0,1
0,0,0,0,0,0,0,1,1,1,100,1,1,1,1,1,1,1,0,0,1
0,0,0,0,0,0,0,1,1,1,100,1,1,1,1,1,1,1,0,0,1
0,0,0,0,0,0,0,1,1,1,100,1,1,1,1,1,1,1,0,0,1
0,0,0,0,0,0,0,1,1,0,8,0,0,0,1,1,0,0,0,0,1
0,0,0,0,0,0,0,1,1,1,11,0,0,0,1,1,0,0,0,0,1
0,0,0,0,0,0,0,1,1,1,100,1,1,1,1,1,1,1,0,0,1
0,0,0,0,0,0,0,1,1,1,100,1,1,1,1,1,1,1,0,0,1
0,0,0,0,0,0,0,0,0,0,2,1,1,1,1,1,1,1,0,0,1
0,0,0,0,0,0,0,1,1,1,100,1,1,1,1,1,1,1,0,0,1
0,0,0,0,0,0,0,1,1,1,100,1,1,1,1,1,1,1,0,0,1
0,0,0,0,0,0,0,1,1,1,100,1,1,1,1,1,1,1,0,0,1
0,0,0,0,1,0,0,1,1,1,100,1,1,1,1,1,1,1,0,0,1
0,0,0,0,1,0,0,1,1,1,100,1,1,1,1,1,1,1,0,0,1
0,0,0,0,0,0,0,0,0,0,46,0,0,1,1,1,1,0,0,0,1
0,0,0,0,0,0,1,1,1,1,100,1,1,1,1,1,1,1,0,0,1
0,0,0,0,0,0,0,1,1,1,100,1,1,1,1,1,1,1,0,0,1
1,0,0,0,0,0,0,1,1,1,11,0,0,0,1,1,0,0,0,0,1
0,0,0,0,0,0,0,1,1,1,100,1,1,1,1,1,1,1,0,0,1
0,0,0,0,0,0,0,1,1,1,11,0,0,0,1,1,0,0,0,0,1
0,0,1,0,0,0,0,0,1,1,77,0,0,0,1,1,0,0,0,0,1
0,0,0,0,0,0,0,0,0,0,8,0,0,0,1,1,0,0,0,0,1
0,0,0,0,1,0,0,1,1,1,100,1,1,1,1,1,1,1,0,0,1
0,0,0,0,0,0,0,1,1,1,100,1,1,1,1,1,1,1,0,0,1
0,0,0,0,0,0,0,1,0,1,20,0,1,0,1,1,0,0,0,0,1
0,0,0,0,0,0,0,0,0,0,3,1,1,1,1,1,0,0,0,0,1
0,0,0,0,0,0,1,0,0,0,3,1,1,1,1,1,0,0,0,0,1
0,0,0,0,0,0,0,1,1,1,100,1,1,1,1,1,1,1,0,0,1
1,0,0,0,0,0,0,1,1,1,100,1,1,1,1,1,1,1,0,0,1
0,0,0,0,0,0,0,1,1,1,11,0,0,0,1,1,0,0,0,0,1
0,0,0,0,0,0,0,1,1,1,100,1,1,1,1,1,1,1,0,0,1
1,0,0,0,0,0,0,1,1,1,100,1,1,1,1,1,1,1,0,0,1
0,0,0,0,0,0,0,1,1,1,100,1,1,1,1,1,1,1,0,0,1
0,0,0,0,0,0,0,1,1,1,100,1,1,1,1,1,1,1,0,0,1
0,0,0,0,0,0,0,1,1,1,100,1,1,1,1,1,1,1,0,0,1
0,0,0,0,0,0,0,1,1,1,100,1,1,1,1,1,1,1,0,0,1
0,0,0,0,1,0,0,1,1,1,100,1,1,1,1,1,1,1,0,0,1
1,1,1,0,1,0,0,0,0,0,0,1,1,1,1,1,0,0,0,0,1
0,0,0,0,0,0,0,1,1,1,100,1,1,1,1,1,1,1,0,0,1
0,0,0,0,1,0,0,1,1,1,100,1,1,1,1,1,1,1,0,0,1
0,0,0,0,1,0,0,0,0,0,3,1,1,1,1,1,0,0,0,0,1
0,0,0,0,0,0,0,1,1,1,100,1,1,1,1,1,1,1,0,0,1
0,0,0,0,0,0,0,1,1,1,11,0,0,0,1,1,0,0,0,0,1
0,0,0,0,0,0,0,1,1,1,11,0,0,0,1,1,0,0,0,0,1
0,0,0,0,0,0,0,1,1,1,11,0,0,0,1,1,0,0,0,0,1
0,0,0,0,1,0,0,0,0,0,0,1,1,1,1,1,0,0,0,0,1
0,0,0,0,1,0,0,1,1,1,11,0,0,0,1,1,0,0,0,0,1
0,0,0,0,1,0,0,1,1,1,11,0,0,0,1,1,0,0,0,0,1
0,0,0,0,0,0,0,1,1,1,100,1,1,1,1,1,1,1,0,0,1
0,0,0,0,1,0,0,1,1,1,100,1,1,1,1,1,1,1,0,0,1
0,0,0,0,0,0,0,1,1,1,100,1,1,1,1,1,1,1,0,0,1
0,0,0,0,0,0,0,1,1,1,100,1,1,1,1,1,1,1,0,0,1
0,0,0,0,0,0,0,0,0,1,16,0,0,0,1,1,0,0,0,0,1
0,0,0,0,0,0,0,0,0,0,2,1,1,1,1,1,1,1,0,0,1
0,0,0,0,0,0,0,1,1,1,100,1,1,1,1,1,1,1,0,0,1
0,0,0,0,0,0,0,1,1,1,100,1,1,1,1,1,1,1,0,0,1
0,0,0,0,0,0,0,1,1,1,100,1,1,1,1,1,1,1,0,0,1
0,0,0,0,0,0,0,0,0,1,2,1,1,1,1,1,0,0,0,0,1
0,0,0,0,1,0,0,0,0,0,0,1,1,1,1,1,0,0,0,0,1
0,0,0,0,0,0,0,1,1,1,100,1,1,1,1,1,1,1,0,0,1
0,0,0,0,0,0,0,0,0,1,17,0,0,0,1,1,0,0,0,0,1
0,0,0,0,0,0,0,1,1,1,100,1,1,1,1,1,1,1,0,0,1
0,0,0,0,0,0,0,1,1,1,100,1,1,1,1,1,1,1,0,0,1
0,0,0,0,0,0,0,1,1,1,100,1,1,1,1,1,1,1,0,0,1
0,0,0,0,0,0,1,1,1,1,11,0,0,0,1,1,0,0,0,0,1
0,0,0,0,1,0,0,1,1,1,100,1,1,1,1,1,1,1,0,0,1
0,0,0,0,0,0,1,0,0,0,5,0,1,0,0,0,0,0,0,0,1
0,0,0,0,0,0,0,1,1,1,100,1,1,1,1,1,1,1,0,0,1
0,0,0,0,0,0,0,1,1,1,100,1,1,1,1,1,1,1,0,0,1
0,0,0,0,0,0,1,0,0,0,5,0,1,0,0,0,0,0,0,0,1
0,0,0,0,0,0,1,1,1,1,11,0,0,0,1,1,0,0,0,0,1
0,0,0,0,1,0,0,1,1,1,100,1,1,1,1,1,1,1,0,0,1
0,0,0,0,1,0,0,1,1,1,11,0,0,0,1,1,0,0,0,0,1
0,0,0,0,0,0,0,1,1,1,100,1,1,1,1,1,1,1,0,0,1
0,0,0,0,0,0,0,0,0,1,55,0,0,0,1,1,1,0,0,0,1
0,0,0,0,0,0,0,1,1,1,11,0,0,0,1,1,0,0,0,0,1
0,0,0,0,0,0,0,1,1,1,11,0,0,0,1,1,0,0,0,0,1
0,0,0,0,0,0,0,1,1,1,100,1,1,1,1,1,1,1,0,0,1
0,0,0,0,0,0,0,1,1,1,100,1,1,1,1,1,1,1,0,0,1
0,0,0,0,0,0,0,1,1,1,11,0,0,0,1,1,0,0,0,0,1
0,0,0,0,0,0,0,1,1,1,100,1,1,1,1,1,1,1,0,0,1
0,0,0,0,0,0,0,1,1,1,100,1,1,1,1,1,1,1,0,0,1
0,0,0,0,0,0,0,1,1,1,100,1,1,1,1,1,1,1,0,0,1
0,0,0,0,0,0,0,1,1,1,100,1,1,1,1,1,1,1,0,0,1
0,0,0,0,0,0,0,0,0,0,10,1,1,1,1,1,1,1,0,0,1
0,0,0,0,0,0,0,0,0,0,91,0,0,0,1,1,0,0,0,0,1
0,0,0,0,0,0,0,1,1,1,100,1,1,1,1,1,1,1,0,0,1
0,0,0,0,1,0,0,1,1,1,11,0,0,0,1,1,0,0,0,0,1
0,0,0,0,1,0,0,1,1,1,100,1,1,1,1,1,1,1,0,0,1
0,0,0,0,0,0,0,0,0,1,17,0,0,0,1,1,0,0,0,0,1
0,0,0,0,0,0,0,0,0,1,17,0,0,0,1,1,0,0,0,0,1
0,0,0,0,0,0,0,0,0,0,10,1,1,1,1,1,1,1,0,0,1
0,0,0,0,0,0,0,1,1,1,100,1,1,1,1,1,1,1,0,0,1
0,0,0,0,0,0,0,1,0,0,21,0,1,0,0,1,1,0,0,0,1
1,0,0,0,1,0,0,1,1,1,100,1,1,1,1,1,1,1,0,0,1
0,0,0,0,1,0,0,1,1,1,11,0,0,0,1,1,0,0,0,0,1
0,0,0,0,1,0,0,1,1,1,11,0,0,0,1,1,0,0,0,0,1
0,0,0,0,0,0,0,0,0,0,14,0,0,0,1,1,1,1,0,0,1
0,0,0,0,0,0,1,1,1,1,11,0,0,0,1,1,0,0,0,0,1
0,0,0,0,1,0,0,1,1,1,100,1,1,1,1,1,1,1,0,0,1
0,0,0,0,0,0,0,1,1,1,100,1,1,1,1,1,1,1,0,0,1
0,0,0,0,0,0,0,0,0,1,16,0,0,0,1,1,0,0,0,0,1
0,0,0,0,0,0,0,1,1,1,100,1,1,1,1,1,1,1,0,0,1
0,0,0,0,0,0,0,1,1,1,100,1,1,1,1,1,1,1,0,0,1
0,0,0,0,0,0,1,1,0,1,100,1,1,1,1,1,1,1,0,0,1
1,0,1,0,1,0,0,1,1,1,100,1,1,1,1,1,1,1,0,0,1
0,0,0,0,1,0,0,1,1,1,100,1,1,1,1,1,1,1,0,0,1
0,0,0,0,1,0,0,1,0,0,41,1,1,1,1,1,1,0,0,0,1
0,0,0,0,1,0,0,1,1,1,11,0,0,0,1,1,0,0,0,0,1
0,0,0,0,0,0,0,1,1,1,11,0,0,0,1,1,0,0,0,0,1
0,0,0,0,0,0,0,1,1,1,100,1,1,1,1,1,1,1,0,0,1
0,0,0,0,1,0,0,1,1,1,100,1,1,1,1,1,1,1,0,0,1
0,0,0,0,1,0,0,0,0,0,3,1,1,1,1,1,0,0,0,0,1
0,0,0,0,0,0,0,1,0,1,20,0,1,0,1,1,0,0,0,0,1
0,0,0,0,1,0,0,1,1,1,100,1,1,1,1,1,1,1,0,0,1
0,0,0,0,1,0,0,1,1,1,100,1,1,1,1,1,1,1,0,0,1
0,0,0,0,1,0,0,1,1,1,100,1,1,1,1,1,1,1,0,0,1
0,0,0,0,0,0,0,1,1,1,100,1,1,1,1,1,1,1,0,0,1
0,0,0,0,1,0,0,1,1,1,100,1,1,1,1,1,1,1,0,0,1
0,0,0,0,0,0,0,1,1,1,100,1,1,1,1,1,1,1,0,0,1
0,0,0,0,0,0,0,1,1,1,100,1,1,1,1,1,1,1,0,0,1
0,0,0,0,1,0,0,1,1,1,100,1,1,1,1,1,1,1,0,0,1
0,0,0,0,1,0,0,1,1,1,100,1,1,1,1,1,1,1,0,0,1
0,0,0,0,1,0,0,1,1,1,100,1,1,1,1,1,1,1,0,0,1
0,0,1,0,0,0,0,1,1,1,100,1,1,1,1,1,1,1,0,0,1
0,0,0,0,0,0,0,1,1,1,100,1,1,1,1,1,1,1,0,0,1
0,0,0,0,0,0,0,1,1,1,100,1,1,1,1,1,1,1,0,0,1
0,0,0,0,0,0,0,1,1,1,100,1,1,1,1,1,1,1,0,0,1
1,1,1,0,0,0,0,0,0,0,0,1,1,1,1,1,0,0,0,0,1
0,0,1,0,0,0,1,1,1,1,100,1,1,1,1,1,1,1,0,0,1
0,0,1,0,0,0,0,1,1,1,100,1,1,1,1,1,1,1,0,0,1
1,0,0,0,0,0,0,1,1,0,8,0,0,0,1,1,0,0,0,0,1
0,0,0,0,0,0,1,1,1,1,100,1,1,1,1,1,1,1,0,0,1
0,0,0,0,1,0,0,1,1,1,100,1,1,1,1,1,1,1,0,0,1
0,0,0,0,1,0,0,1,1,1,11,0,0,0,1,1,0,0,0,0,1
0,0,0,0,1,0,0,1,1,1,100,1,1,1,1,1,1,1,0,0,1
0,0,0,0,0,0,0,1,1,1,100,1,1,1,1,1,1,1,0,0,1
0,0,0,0,0,0,0,0,0,0,10,1,1,1,1,1,1,1,0,0,1
0,0,0,0,1,0,0,1,1,1,11,0,0,0,1,1,0,0,0,0,1
0,0,0,0,1,0,0,1,1,1,11,0,0,0,1,1,1,1,1,0,1
0,0,0,0,1,0,0,1,1,1,100,1,1,1,1,1,1,1,1,0,1
0,0,0,0,0,0,0,1,1,1,100,1,1,1,1,1,1,1,1,0,1
0,0,0,0,0,0,0,1,1,1,100,1,1,1,1,1,1,1,1,0,1
0,0,0,0,1,0,0,1,1,1,100,1,1,1,1,1,1,1,1,0,1
0,0,1,0,0,0,0,1,1,1,100,1,1,1,1,1,1,1,1,0,1
0,0,1,0,0,0,0,1,1,1,100,1,1,1,1,1,1,1,1,0,1
0,0,0,0,1,0,0,1,1,1,100,1,1,1,1,1,1,1,1,0,1
0,0,0,0,0,0,1,1,1,1,100,1,1,1,1,1,1,1,1,0,1
0,0,0,0,0,0,0,1,1,1,100,1,1,1,1,1,1,1,1,0,1
0,0,0,0,0,0,0,1,1,1,100,1,1,1,1,1,1,1,1,0,1
0,0,0,0,0,0,0,1,1,1,100,1,1,1,1,1,1,1,1,0,1
0,0,0,0,0,0,0,1,1,1,100,1,1,1,1,1,1,1,1,0,1
0,0,0,0,1,0,0,1,1,1,100,1,1,1,1,1,1,1,1,0,1
0,0,0,0,0,0,0,1,1,1,100,1,1,1,1,1,1,1,1,0,1
0,0,0,0,1,0,0,1,1,1,100,1,1,1,1,1,1,1,1,0,1
0,0,0,0,0,0,0,1,1,1,100,1,1,1,1,1,1,1,1,0,1
0,0,0,0,0,0,0,1,1,1,100,1,1,1,1,1,1,1,1,0,1
0,0,0,0,0,0,0,1,1,1,100,1,1,1,1,1,1,1,1,0,1
1,1,0,0,1,0,0,1,1,1,100,1,1,1,1,1,1,1,1,0,1
0,0,0,0,1,0,0,1,1,1,100,1,1,1,1,1,1,1,1,0,1
0,0,0,0,0,0,0,1,1,1,100,1,1,1,1,1,1,1,1,0,1
0,0,0,0,0,0,0,1,1,1,100,1,1,1,1,1,1,1,1,0,1
0,0,0,0,0,0,0,1,1,1,100,1,1,1,1,1,1,1,1,0,1
0,0,0,0,0,0,0,1,1,1,100,1,1,1,1,1,1,1,1,0,1
1,0,0,0,0,0,0,1,1,1,100,1,1,1,1,1,1,1,1,0,1
0,0,0,0,0,0,0,1,1,1,100,1,1,1,1,1,1,1,1,0,1
0,0,0,0,1,0,0,1,1,1,100,1,1,1,1,1,1,1,1,0,1
0,0,0,0,0,0,0,1,1,1,100,1,1,1,1,1,1,1,1,0,1
0,0,0,0,0,0,0,1,1,1,100,1,1,1,1,1,1,1,1,0,1
0,0,0,0,1,0,1,1,1,1,100,1,1,1,1,1,1,1,1,0,1
0,0,0,0,1,0,0,1,1,1,100,1,1,1,1,1,1,1,1,0,1
0,0,0,0,0,0,0,1,1,1,100,1,1,1,1,1,1,1,1,0,1
0,0,0,0,1,0,0,1,1,1,100,1,1,1,1,1,1,1,1,0,1
0,0,0,0,1,0,0,1,1,1,100,1,1,1,1,1,1,1,1,0,1
0,0,0,0,0,0,0,1,1,1,100,1,1,1,1,1,1,1,1,0,1
0,0,0,0,0,0,0,1,1,1,100,1,1,1,1,1,1,1,1,0,1
0,0,0,0,0,0,0,1,1,1,100,1,1,1,1,1,1,1,1,0,1
0,0,0,0,0,0,0,1,1,1,100,1,1,1,1,1,1,1,1,0,1
0,0,0,0,0,0,0,1,1,1,100,1,1,1,1,1,1,1,1,0,1
1,0,0,0,1,0,0,1,1,1,100,1,1,1,1,1,1,1,1,0,1
1,0,0,0,1,0,0,1,1,1,100,1,1,1,1,1,1,1,1,0,1
1,1,1,0,1,0,0,1,1,1,100,1,1,1,1,1,1,1,1,0,1
0,0,0,0,0,0,0,1,1,1,100,1,1,1,1,1,1,1,1,0,1
1,1,1,0,0,0,0,1,1,1,100,1,1,1,1,1,1,1,1,0,1
0,0,0,0,0,0,0,1,1,1,100,1,1,1,1,1,1,1,1,0,1
0,0,0,0,0,0,0,1,1,1,100,1,1,1,1,1,1,1,1,0,1
0,0,0,0,0,0,0,1,1,1,100,1,1,1,1,1,1,1,1,0,1
1,0,0,0,0,0,0,1,1,1,100,1,1,1,1,1,1,1,1,0,1
0,0,1,0,0,0,0,1,1,1,100,1,1,1,1,1,1,1,1,0,1
1,1,1,0,1,0,0,1,1,1,100,1,1,1,1,1,1,1,1,0,1
0,0,0,0,1,0,0,1,1,1,100,1,1,1,1,1,1,1,1,0,1
0,0,0,0,0,0,0,1,1,1,100,1,1,1,1,1,1,1,1,0,1
0,0,0,0,0,0,0,1,1,1,100,1,1,1,1,1,1,1,1,0,1
0,0,0,0,0,0,0,1,1,1,100,1,1,1,1,1,1,1,1,0,1
0,0,0,0,0,0,0,1,1,1,100,1,1,1,1,1,1,1,1,0,1
1,1,1,0,1,0,0,1,1,1,100,1,1,1,1,1,1,1,1,0,1
0,0,0,0,0,0,0,1,1,1,100,1,1,1,1,1,1,1,1,0,1
0,0,0,0,1,0,0,1,1,1,100,1,1,1,1,1,1,1,1,0,1
0,0,0,0,1,0,0,1,1,1,100,1,1,1,1,1,1,1,1,0,1
0,0,0,0,1,0,0,1,1,1,100,1,1,1,1,1,1,1,1,0,1
0,0,0,0,1,0,0,1,1,1,100,1,1,1,1,1,1,1,1,0,1
0,0,0,0,0,0,0,1,1,1,100,1,1,1,1,1,1,1,1,0,1
0,0,0,0,1,0,0,1,1,1,100,1,1,1,1,1,1,1,1,0,1
0,0,0,0,1,0,0,1,1,1,100,1,1,1,1,1,1,1,1,0,1
0,0,0,0,0,0,0,1,1,0,8,0,0,0,1,1,0,0,0,0,1
0,0,0,0,0,0,0,1,1,1,11,0,0,0,1,1,0,0,0,0,1
0,0,0,0,0,0,0,1,1,1,100,1,1,1,1,1,1,1,0,0,1
0,0,0,0,0,0,0,1,1,1,100,1,1,1,1,1,1,1,0,0,1
0,0,0,0,0,0,0,0,0,0,2,1,1,1,1,1,1,1,0,0,1
0,0,0,0,0,0,0,1,1,1,100,1,1,1,1,1,1,1,0,0,1
0,0,0,0,0,0,0,1,1,1,100,1,1,1,1,1,1,1,0,0,1
0,0,0,0,0,0,0,1,1,1,100,1,1,1,1,1,1,1,0,0,1
0,0,0,0,1,0,0,1,1,1,100,1,1,1,1,1,1,1,0,0,1
0,0,0,0,1,0,0,1,1,1,100,1,1,1,1,1,1,1,0,0,1
0,0,0,0,0,0,0,0,0,0,46,0,0,1,1,1,1,0,0,0,1
0,0,0,0,0,0,1,1,1,1,100,1,1,1,1,1,1,1,0,0,1
0,0,0,0,0,0,0,1,1,1,100,1,1,1,1,1,1,1,0,0,1
1,0,0,0,0,0,0,1,1,1,11,0,0,0,1,1,0,0,0,0,1
0,0,0,0,0,0,0,1,1,1,100,1,1,1,1,1,1,1,0,0,1
0,0,0,0,0,0,0,1,1,1,11,0,0,0,1,1,0,0,0,0,1
0,0,1,0,0,0,0,0,1,1,77,0,0,0,1,1,0,0,0,0,1
0,0,0,0,0,0,0,0,0,0,8,0,0,0,1,1,0,0,0,0,1
0,0,0,0,1,0,0,1,1,1,100,1,1,1,1,1,1,1,0,0,1
0,0,0,0,0,0,0,1,1,1,100,1,1,1,1,1,1,1,0,0,1
0,0,0,0,0,0,0,1,0,1,20,0,1,0,1,1,0,0,0,0,1
0,0,0,0,0,0,0,0,0,0,3,1,1,1,1,1,0,0,0,0,1
0,0,0,0,0,0,1,0,0,0,3,1,1,1,1,1,0,0,0,0,1
0,0,0,0,0,0,0,1,1,1,100,1,1,1,1,1,1,1,0,0,1
1,0,0,0,0,0,0,1,1,1,100,1,1,1,1,1,1,1,0,0,1
0,0,0,0,0,0,0,1,1,1,11,0,0,0,1,1,0,0,0,0,1
0,0,0,0,0,0,0,1,1,1,100,1,1,1,1,1,1,1,0,0,1
1,0,0,0,0,0,0,1,1,1,100,1,1,1,1,1,1,1,0,0,1
0,0,0,0,0,0,0,1,1,1,100,1,1,1,1,1,1,1,0,0,1
0,0,0,0,0,0,0,1,1,1,100,1,1,1,1,1,1,1,0,0,1
0,0,0,0,0,0,0,1,1,1,100,1,1,1,1,1,1,1,0,0,1
0,0,0,0,0,0,0,1,1,1,100,1,1,1,1,1,1,1,0,0,1
0,0,0,0,1,0,0,1,1,1,100,1,1,1,1,1,1,1,0,0,1
1,1,1,0,1,0,0,0,0,0,0,1,1,1,1,1,0,0,0,0,1
0,0,0,0,0,0,0,1,1,1,100,1,1,1,1,1,1,1,0,0,1
0,0,0,0,1,0,0,1,1,1,100,1,1,1,1,1,1,1,0,0,1
0,0,0,0,1,0,0,0,0,0,3,1,1,1,1,1,0,0,0,0,1
0,0,0,0,0,0,0,1,1,1,100,1,1,1,1,1,1,1,0,0,1
0,0,0,0,0,0,0,1,1,1,11,0,0,0,1,1,0,0,0,0,1
0,0,0,0,0,0,0,1,1,1,11,0,0,0,1,1,0,0,0,0,1
0,0,0,0,0,0,0,1,1,1,11,0,0,0,1,1,0,0,0,0,1
0,0,0,0,1,0,0,0,0,0,0,1,1,1,1,1,0,0,0,0,1
0,0,0,0,1,0,0,1,1,1,11,0,0,0,1,1,0,0,0,0,1
0,0,0,0,1,0,0,1,1,1,11,0,0,0,1,1,0,0,0,0,1
0,0,0,0,0,0,0,1,1,1,100,1,1,1,1,1,1,1,0,0,1
0,0,0,0,1,0,0,1,1,1,100,1,1,1,1,1,1,1,0,0,1
0,0,0,0,0,0,0,1,1,1,100,1,1,1,1,1,1,1,0,0,1
0,0,0,0,0,0,0,1,1,1,100,1,1,1,1,1,1,1,0,0,1
0,0,0,0,0,0,0,0,0,1,16,0,0,0,1,1,0,0,0,0,1
0,0,0,0,0,0,0,0,0,0,2,1,1,1,1,1,1,1,0,0,1
0,0,0,0,0,0,0,1,1,1,100,1,1,1,1,1,1,1,0,0,1
0,0,0,0,0,0,0,1,1,1,100,1,1,1,1,1,1,1,0,0,1
0,0,0,0,0,0,0,1,1,1,100,1,1,1,1,1,1,1,0,0,1
0,0,0,0,0,0,0,0,0,1,2,1,1,1,1,1,0,0,0,0,1
0,0,0,0,1,0,0,0,0,0,0,1,1,1,1,1,0,0,0,0,1
0,0,0,0,0,0,0,1,1,1,100,1,1,1,1,1,1,1,0,0,1
0,0,0,0,0,0,0,0,0,1,17,0,0,0,1,1,0,0,0,0,1
0,0,0,0,0,0,0,1,1,1,100,1,1,1,1,1,1,1,0,0,1
0,0,0,0,0,0,0,1,1,1,100,1,1,1,1,1,1,1,0,0,1
0,0,0,0,0,0,0,1,1,1,100,1,1,1,1,1,1,1,0,0,1
0,0,0,0,0,0,1,1,1,1,11,0,0,0,1,1,0,0,0,0,1
0,0,0,0,1,0,0,1,1,1,100,1,1,1,1,1,1,1,0,0,1
0,0,0,0,0,0,1,0,0,0,5,0,1,0,0,0,0,0,0,0,1
0,0,0,0,0,0,0,1,1,1,100,1,1,1,1,1,1,1,0,0,1
0,0,0,0,0,0,0,1,1,1,100,1,1,1,1,1,1,1,0,0,1
0,0,0,0,0,0,1,0,0,0,5,0,1,0,0,0,0,0,0,0,1
0,0,0,0,0,0,1,1,1,1,11,0,0,0,1,1,0,0,0,0,1
0,0,0,0,1,0,0,1,1,1,100,1,1,1,1,1,1,1,0,0,1
0,0,0,0,1,0,0,1,1,1,11,0,0,0,1,1,0,0,0,0,1
0,0,0,0,0,0,0,1,1,1,100,1,1,1,1,1,1,1,0,0,1
0,0,0,0,0,0,0,0,0,1,55,0,0,0,1,1,1,0,0,0,1
0,0,0,0,0,0,0,1,1,1,11,0,0,0,1,1,0,0,0,0,1
0,0,0,0,0,0,0,1,1,1,11,0,0,0,1,1,0,0,0,0,1
0,0,0,0,0,0,0,1,1,1,100,1,1,1,1,1,1,1,0,0,1
0,0,0,0,0,0,0,1,1,1,100,1,1,1,1,1,1,1,0,0,1
0,0,0,0,0,0,0,1,1,1,11,0,0,0,1,1,0,0,0,0,1
0,0,0,0,0,0,0,1,1,1,100,1,1,1,1,1,1,1,0,0,1
0,0,0,0,0,0,0,1,1,1,100,1,1,1,1,1,1,1,0,0,1
0,0,0,0,0,0,0,1,1,1,100,1,1,1,1,1,1,1,0,0,1
0,0,0,0,0,0,0,1,1,1,100,1,1,1,1,1,1,1,0,0,1
0,0,0,0,0,0,0,0,0,0,10,1,1,1,1,1,1,1,0,0,1
0,0,0,0,0,0,0,0,0,0,91,0,0,0,1,1,0,0,0,0,1
0,0,0,0,0,0,0,1,1,1,100,1,1,1,1,1,1,1,0,0,1
0,0,0,0,1,0,0,1,1,1,11,0,0,0,1,1,0,0,0,0,1
0,0,0,0,1,0,0,1,1,1,100,1,1,1,1,1,1,1,0,0,1
0,0,0,0,0,0,0,0,0,1,17,0,0,0,1,1,0,0,0,0,1
0,0,0,0,0,0,0,0,0,1,17,0,0,0,1,1,0,0,0,0,1
0,0,0,0,0,0,0,0,0,0,10,1,1,1,1,1,1,1,0,0,1
0,0,0,0,0,0,0,1,1,1,100,1,1,1,1,1,1,1,0,0,1
0,0,0,0,0,0,0,1,0,0,21,0,1,0,0,1,1,0,0,0,1
1,0,0,0,1,0,0,1,1,1,100,1,1,1,1,1,1,1,0,0,1
0,0,0,0,1,0,0,1,1,1,11,0,0,0,1,1,0,0,0,0,1
0,0,0,0,1,0,0,1,1,1,11,0,0,0,1,1,0,0,0,0,1
0,0,0,0,0,0,0,0,0,0,14,0,0,0,1,1,1,1,0,0,1
0,0,0,0,0,0,1,1,1,1,11,0,0,0,1,1,0,0,0,0,1
0,0,0,0,1,0,0,1,1,1,100,1,1,1,1,1,1,1,0,0,1
0,0,0,0,0,0,0,1,1,1,100,1,1,1,1,1,1,1,0,0,1
0,0,0,0,0,0,0,0,0,1,16,0,0,0,1,1,0,0,0,0,1
0,0,0,0,0,0,0,1,1,1,100,1,1,1,1,1,1,1,0,0,1
0,0,0,0,0,0,0,1,1,1,100,1,1,1,1,1,1,1,0,0,1
0,0,0,0,0,0,1,1,0,1,100,1,1,1,1,1,1,1,0,0,1
1,0,1,0,1,0,0,1,1,1,100,1,1,1,1,1,1,1,0,0,1
0,0,0,0,1,0,0,1,1,1,100,1,1,1,1,1,1,1,0,0,1
0,0,0,0,1,0,0,1,0,0,41,1,1,1,1,1,1,0,0,0,1
0,0,0,0,1,0,0,1,1,1,11,0,0,0,1,1,0,0,0,0,1
0,0,0,0,0,0,0,1,1,1,11,0,0,0,1,1,0,0,0,0,1
0,0,0,0,0,0,0,1,1,1,100,1,1,1,1,1,1,1,0,0,1
0,0,0,0,1,0,0,1,1,1,100,1,1,1,1,1,1,1,0,0,1
0,0,0,0,1,0,0,0,0,0,3,1,1,1,1,1,0,0,0,0,1
0,0,0,0,0,0,0,1,0,1,20,0,1,0,1,1,0,0,0,0,1
0,0,0,0,1,0,0,1,1,1,100,1,1,1,1,1,1,1,0,0,1
0,0,0,0,1,0,0,1,1,1,100,1,1,1,1,1,1,1,0,0,1
0,0,0,0,1,0,0,1,1,1,100,1,1,1,1,1,1,1,0,0,1
0,0,0,0,0,0,0,1,1,1,100,1,1,1,1,1,1,1,0,0,1
0,0,0,0,1,0,0,1,1,1,100,1,1,1,1,1,1,1,0,0,1
0,0,0,0,0,0,0,1,1,1,100,1,1,1,1,1,1,1,0,0,1
0,0,0,0,0,0,0,1,1,1,100,1,1,1,1,1,1,1,0,0,1
0,0,0,0,1,0,0,1,1,1,100,1,1,1,1,1,1,1,0,0,1
0,0,0,0,1,0,0,1,1,1,100,1,1,1,1,1,1,1,0,0,1
0,0,0,0,1,0,0,1,1,1,100,1,1,1,1,1,1,1,0,0,1
0,0,1,0,0,0,0,1,1,1,100,1,1,1,1,1,1,1,0,0,1
0,0,0,0,0,0,0,1,1,1,100,1,1,1,1,1,1,1,0,0,1
0,0,0,0,0,0,0,1,1,1,100,1,1,1,1,1,1,1,0,0,1
0,0,0,0,0,0,0,1,1,1,100,1,1,1,1,1,1,1,0,0,1
1,1,1,0,0,0,0,0,0,0,0,1,1,1,1,1,0,0,0,0,1
0,0,1,0,0,0,1,1,1,1,100,1,1,1,1,1,1,1,0,0,1
0,0,1,0,0,0,0,1,1,1,100,1,1,1,1,1,1,1,0,0,1
1,0,0,0,0,0,0,1,1,0,8,0,0,0,1,1,0,0,0,0,1
0,0,0,0,0,0,1,1,1,1,100,1,1,1,1,1,1,1,0,0,1
0,0,0,0,1,0,0,1,1,1,100,1,1,1,1,1,1,1,0,0,1
0,0,0,0,1,0,0,1,1,1,11,0,0,0,1,1,0,0,0,0,1
0,0,0,0,1,0,0,1,1,1,100,1,1,1,1,1,1,1,0,0,1
0,0,0,0,0,0,0,1,1,1,100,1,1,1,1,1,1,1,0,0,1
0,0,0,0,0,0,0,0,0,0,10,1,1,1,1,1,1,1,0,0,1
0,0,0,0,1,0,0,1,1,1,11,0,0,0,1,1,0,0,0,0,1
0,0,0,0,1,0,0,1,1,1,11,0,0,0,1,1,1,1,1,0,1
0,0,0,0,1,0,0,1,1,1,100,1,1,1,1,1,1,1,1,0,1
0,0,0,0,0,0,0,1,1,1,100,1,1,1,1,1,1,1,1,0,1
0,0,0,0,0,0,0,1,1,1,100,1,1,1,1,1,1,1,1,0,1
0,0,0,0,1,0,0,1,1,1,100,1,1,1,1,1,1,1,1,0,1
0,0,1,0,0,0,0,1,1,1,100,1,1,1,1,1,1,1,1,0,1
0,0,1,0,0,0,0,1,1,1,100,1,1,1,1,1,1,1,1,0,1
0,0,0,0,1,0,0,1,1,1,100,1,1,1,1,1,1,1,1,0,1
0,0,0,0,0,0,1,1,1,1,100,1,1,1,1,1,1,1,1,0,1
0,0,0,0,0,0,0,1,1,1,100,1,1,1,1,1,1,1,1,0,1
0,0,0,0,0,0,0,1,1,1,100,1,1,1,1,1,1,1,1,0,1
0,0,0,0,0,0,0,1,1,1,100,1,1,1,1,1,1,1,1,0,1
0,0,0,0,0,0,0,1,1,1,100,1,1,1,1,1,1,1,1,0,1
0,0,0,0,1,0,0,1,1,1,100,1,1,1,1,1,1,1,1,0,1
0,0,0,0,0,0,0,1,1,1,100,1,1,1,1,1,1,1,1,0,1
0,0,0,0,1,0,0,1,1,1,100,1,1,1,1,1,1,1,1,0,1
0,0,0,0,0,0,0,1,1,1,100,1,1,1,1,1,1,1,1,0,1
0,0,0,0,0,0,0,1,1,1,100,1,1,1,1,1,1,1,1,0,1
0,0,0,0,0,0,0,1,1,1,100,1,1,1,1,1,1,1,1,0,1
1,1,0,0,1,0,0,1,1,1,100,1,1,1,1,1,1,1,1,0,1
0,0,0,0,1,0,0,1,1,1,100,1,1,1,1,1,1,1,1,0,1
0,0,0,0,0,0,0,1,1,1,100,1,1,1,1,1,1,1,1,0,1
0,0,0,0,0,0,0,1,1,1,100,1,1,1,1,1,1,1,1,0,1
0,0,0,0,0,0,0,1,1,1,100,1,1,1,1,1,1,1,1,0,1
0,0,0,0,0,0,0,1,1,1,100,1,1,1,1,1,1,1,1,0,1
1,0,0,0,0,0,0,1,1,1,100,1,1,1,1,1,1,1,1,0,1
0,0,0,0,0,0,0,1,1,1,100,1,1,1,1,1,1,1,1,0,1
0,0,0,0,1,0,0,1,1,1,100,1,1,1,1,1,1,1,1,0,1
0,0,0,0,0,0,0,1,1,1,100,1,1,1,1,1,1,1,1,0,1
0,0,0,0,0,0,0,1,1,1,100,1,1,1,1,1,1,1,1,0,1
0,0,0,0,1,0,1,1,1,1,100,1,1,1,1,1,1,1,1,0,1
0,0,0,0,1,0,0,1,1,1,100,1,1,1,1,1,1,1,1,0,1
0,0,0,0,0,0,0,1,1,1,100,1,1,1,1,1,1,1,1,0,1
0,0,0,0,1,0,0,1,1,1,100,1,1,1,1,1,1,1,1,0,1
0,0,0,0,1,0,0,1,1,1,100,1,1,1,1,1,1,1,1,0,1
0,0,0,0,0,0,0,1,1,1,100,1,1,1,1,1,1,1,1,0,1
0,0,0,0,0,0,0,1,1,1,100,1,1,1,1,1,1,1,1,0,1
0,0,0,0,0,0,0,1,1,1,100,1,1,1,1,1,1,1,1,0,1
0,0,0,0,0,0,0,1,1,1,100,1,1,1,1,1,1,1,1,0,1
0,0,0,0,0,0,0,1,1,1,100,1,1,1,1,1,1,1,1,0,1
1,0,0,0,1,0,0,1,1,1,100,1,1,1,1,1,1,1,1,0,1
1,0,0,0,1,0,0,1,1,1,100,1,1,1,1,1,1,1,1,0,1
1,1,1,0,1,0,0,1,1,1,100,1,1,1,1,1,1,1,1,0,1
0,0,0,0,0,0,0,1,1,1,100,1,1,1,1,1,1,1,1,0,1
1,1,1,0,0,0,0,1,1,1,100,1,1,1,1,1,1,1,1,0,1
0,0,0,0,0,0,0,1,1,1,100,1,1,1,1,1,1,1,1,0,1
0,0,0,0,0,0,0,1,1,1,100,1,1,1,1,1,1,1,1,0,1
0,0,0,0,0,0,0,1,1,1,100,1,1,1,1,1,1,1,1,0,1
1,0,0,0,0,0,0,1,1,1,100,1,1,1,1,1,1,1,1,0,1
0,0,1,0,0,0,0,1,1,1,100,1,1,1,1,1,1,1,1,0,1
1,1,1,0,1,0,0,1,1,1,100,1,1,1,1,1,1,1,1,0,1
0,0,0,0,1,0,0,1,1,1,100,1,1,1,1,1,1,1,1,0,1
0,0,0,0,0,0,0,1,1,1,100,1,1,1,1,1,1,1,1,0,1
0,0,0,0,0,0,0,1,1,1,100,1,1,1,1,1,1,1,1,0,1
0,0,0,0,0,0,0,1,1,1,100,1,1,1,1,1,1,1,1,0,1
0,0,0,0,0,0,0,1,1,1,100,1,1,1,1,1,1,1,1,0,1
1,1,1,0,1,0,0,1,1,1,100,1,1,1,1,1,1,1,1,0,1
0,0,0,0,0,0,0,1,1,1,100,1,1,1,1,1,1,1,1,0,1
0,0,0,0,1,0,0,1,1,1,100,1,1,1,1,1,1,1,1,0,1
0,0,0,0,1,0,0,1,1,1,100,1,1,1,1,1,1,1,1,0,1
0,0,0,0,1,0,0,1,1,1,100,1,1,1,1,1,1,1,1,0,1
0,0,0,0,1,0,0,1,1,1,100,1,1,1,1,1,1,1,1,0,1
0,0,0,0,0,0,0,1,1,1,100,1,1,1,1,1,1,1,1,0,1
0,0,0,0,1,0,0,1,1,1,100,1,1,1,1,1,1,1,1,0,1
0,0,0,0,1,0,0,1,1,1,100,1,1,1,1,1,1,1,1,0,1
